SEAWEA_ID,INDEX,id,reservoir_name,dam_name,station_name,station_type,country,commission_year,status,dam_height_m,dam_length_m,max_area_km2,min_area_km2,normal_area_km2,max_capacity_mcm,min_capacity_mcm,normal_capacity_mcm,average_depth_m,dam_crest_elevation_m,reservoir_normal_elevation_m,reservoir_minimum_elevation_m,water_head_m,design_flow_m3s,power_mw,main_use,second_use,longitude,latitude,dynamic_id,dup_group,area_poly_id,area_poly_anomalous,critical_reservoir_id
1,1,1,Lower Sesan 2,Lower Sesan II,SEAWEA_UNKNOWN,SEAWEA_UNKNOWN,Cambodia,2017,Operational,75,7729,297.3715368,242.7875581,252.7658063,2348.304461,1628.968492,1790,5.4,-999.9,-999.9,83.0427359,-999.9,-999.9,400,Hydropower,Flood control,106.256674,13.552205,83,,3291,,193
2,2,6,Xe Namnoy Dam,Xe Pian Xe Nam Noy,SEAWEA_UNKNOWN,SEAWEA_UNKNOWN,Laos,2019,Operational,73.7,1600,40.57826571,10.97605441,34.491525853499994,829.2789795,109.3788326,704.8871326,38.1,-999.9,-999.9,764.3566349,673.5,40,410,Hydropower,SEAWEA_UNKNOWN,106.605648,15.026481,179,,36,,36
4,3,9,Nam Chiane 1,SEAWEA_UNKNOWN,SEAWEA_UNKNOWN,SEAWEA_UNKNOWN,Laos,2018,Operational,93,294.5,322,-999.9,322,14,-999.9,14,-999.9,-999.9,1040,-999.9,600,11.43,104,Hydropower,SEAWEA_UNKNOWN,103.52122,19.06521,,,-999,,-999
5,4,11,Nam Mang 3,Nam Mang 3,Nan Mang 3,Storage,Laos,2004,Operational,28,436,10.2,6.919885163,10.2,58,25.33099682,49.3,47.7,750,742,742,543,9.22,40,Hydropower,Irrigation,102.768653,18.35067,106,,1994,,1994
6,5,12,Sayaboury Dam (Xayaburi),Xayaburi,SEAWEA_UNKNOWN,SEAWEA_UNKNOWN,Laos,2019,Operational,33,820,225,63.4860455,191.25,1072.219945,868.1335785,911.3869533,49.7,-999.9,270,278.3912404,24,6018,1260,Hydropower,SEAWEA_UNKNOWN,101.817244,19.245256,175,,94,,94
7,6,13,Nam Ngiep 1,Nam Ngiep I,SEAWEA_UNKNOWN,SEAWEA_UNKNOWN,Laos,2019,Operational,167,530,67.94831658,42.1455593,66.9,1200,1200,1200,20.5,323.5,296,307.9052624,130.9,-999.9,562,Hydropower,SEAWEA_UNKNOWN,103.52405,18.646599,108,,64,,64
9,7,26,Taurus Tun,Shaba,Shaba,Run of River,China,2008,Operational,23.8,-999.9,-999.9,-999.9,0.22068,-999.9,-999.9,316,-999.9,-999.9,-999.9,-999.9,59,-999.9,24,Hydropower,SEAWEA_UNKNOWN,99.9125945,25.8038255,,,-999,,133
10,8,27,SEAWEA_UNKNOWN,Weiyuan River,Weiyuan River Jinggu County Simao District,Run of River,China,2010,Operational,-99,-99,-99,-99,8.8145,-99,-99,246.15,17.5,-999.9,-999.9,-999.9,64,-999.9,72,SEAWEA_UNKNOWN,SEAWEA_UNKNOWN,100.562,23.2786,,,-999,,256
11,9,28,SEAWEA_UNKNOWN,Diqing Luoma,Yunnan Diqing Luoma Hydroelectric,Run of River,China,2010,Operational,-99,-999.9,-999.9,-999.9,-999.9,-999.9,-999.9,-999.9,-999.9,-999.9,-999.9,-999.9,75,-999.9,60,SEAWEA_UNKNOWN,SEAWEA_UNKNOWN,98.9508,27.9014,,,-999,,119
12,10,30,Nam Tha 1,Nam Tha 1,SEAWEA_UNKNOWN,SEAWEA_UNKNOWN,Laos,2019,Operational,93.6,349.2,32.58300546,16.9965072,27.69555464,764.6797338,273.03249,649.9777737,-999.9,-999.9,-999.9,438.6779325,-999.9,-999.9,168,Hydropower,SEAWEA_UNKNOWN,100.901111,20.245833,121,,-999,,134
13,11,31,Nanhe 1,Yun County Nan River,Yunnan Yun County Nan River,Run of River,China,2009,Operational,56.8,147.9,-999.9,-999.9,5.07,11.36,-999.9,10.08,-999.9,-999.9,-999.9,-999.9,70,-999.9,40,Hydropower,SEAWEA_UNKNOWN,100.0121484,24.3424683,,,127,,127
14,12,32,Nam San 3B,Nam San 3B,SEAWEA_UNKNOWN,SEAWEA_UNKNOWN,Laos,2015,Operational,45,-999.9,-999.9,-999.9,0.7,-999.9,-999.9,-999.9,-999.9,-999.9,-999.9,-999.9,-999.9,-999.9,45,Hydropower,SEAWEA_UNKNOWN,103.6201,19.0849,,,-999,,135
15,13,33,Nam Emoun Dam,SEAWEA_UNKNOWN,Nam Emoun,Canal,Laos,2024,Operational,27.6,87.25,-999.9,-999.9,0.18,-999.9,-999.9,0.94,-999.9,792.2,-999.9,780,397,37,129,Hydropower,SEAWEA_UNKNOWN,107.026389,15.555278,,,-999,,-999
16,14,34,Laoyinyan,Laoyinyan,SEAWEA_UNKNOWN,SEAWEA_UNKNOWN,China,1997,Operational,4.23,-999.9,-999.9,-999.9,-999.9,1092,-999.9,10.92,-999.9,-999.9,-999.9,-999.9,-999.9,-999.9,16,Hydropower,SEAWEA_UNKNOWN,99.81754,24.469128,,,-999,,-999
18,15,36,Krong No 2 (Th路__y __i路_谩n Krong No 2),SEAWEA_UNKNOWN,Krong No 2 ,SEAWEA_UNKNOWN,Vietnam,2017,Operational,-99,-99,-99,-99,-99,-99,-99,9.3,15.1,-999.9,-999.9,-999.9,-999.9,-999.9,30,Hydropower,SEAWEA_UNKNOWN,108.355833,12.254167,,,14,,14
19,16,342,Nam Ngum 1,Nam Ngum,Nam Ngum 1,Storage,Laos,1972,Operational,75,468,502.2793384,320,370,7030,4700,7030,16.1,-999.9,212,181.4126742,45.5,-999.9,155,Hydropower,SEAWEA_UNKNOWN,102.5491,18.531233,110,,2004,,2004
20,17,349,Ubol Ratana,Ubol Ratana,SEAWEA_UNKNOWN,Storage,Thailand,1966,Operational,35,880,410,300,410,2300,1761,2263,7.4,-999.9,-999.9,168.544793,-99,-999.9,25.2,Irrigation,Irrigation,102.617817,16.772725,171,,1768,,1768
21,18,350,Lam Pao,Lam Pao,SEAWEA_UNKNOWN,SEAWEA_UNKNOWN,Thailand,1969,Operational,33,7800,300,119.5587366,240,2450,1400,1430,7.1,-999.9,-999.9,161.0606153,-999.9,-999.9,-99,Irrigation,SEAWEA_UNKNOWN,103.453125,16.603534,75,,1766,,1766
22,19,358,Noi,Sirindhorn,SEAWEA_UNKNOWN,Storage,Thailand,1971,Operational,42,940,288.3,230,288.3,2000,1135,1966,8.5,-999.9,-999.9,137.4859969,-99,-999.9,36,Hydropower,Irrigation,105.430544,15.205083,150,,3281,,3281
23,20,1785,Manwan,Manwan,Manwan,Storage,China,1995,Operational,126,418,25.22459534,19.95166896,21.44090604,732.8967879,555.9123374,622.9622697,25,-999.9,-999.9,992.2870498,69.3,-999.9,1605,Hydropower,SEAWEA_UNKNOWN,100.448067,24.623123,92,,-999,,136
25,21,1906,Nam Pung,Nam Pung,SEAWEA_UNKNOWN,Storage,Thailand,1965,Operational,40,1719,21,0.3,21,165.5,156.8,165.5,10.5,-999.9,-999.9,275.6858856,-99,-999.9,6.3,Hydropower,SEAWEA_UNKNOWN,103.976042,16.972114,120,,1749,,194
26,22,1920,Pak Mun,Pak Mun,Pak Mun,Run of River,Thailand,1990,Operational,17,324,73.68412589,38.72279491,62.63150701,229,118,229,2.6,-999.9,-999.9,110.3774448,11.6,-999.9,136,Hydropower,Irrigation,105.467708,15.279676,131,,1788,,1788
27,23,1923,Houay Ho Dam,Houayho,Houay Ho,Storage,Laos,1999,Operational,76,-99,27.89911257,17.84306982,23.71424568,649,508,596,21,883,867,861,775.5,22,157,Hydropower,SEAWEA_UNKNOWN,106.765135,15.059528,37,,3292,,3292
28,24,1926,Lamtakhong,Lamtakhong,Lam Ta Khong,Pumped Storage,Thailand,1969,Operational,40,251,39.438433,1.4,37,445,64.21231031,310,11.6,-999.9,-999.9,265.1940161,-999.9,-999.9,1000,Irrigation,SEAWEA_UNKNOWN,101.560159,14.863445,78,,1876,,195
29,25,1929,Lamnangrong,Lamnangrong,SEAWEA_UNKNOWN,SEAWEA_UNKNOWN,Thailand,1982,Operational,23,1500,24.5,0.5,24.5,196.67,20.84709805,150,13,-999.9,-999.9,230.2454168,-999.9,-999.9,-99,Irrigation,SEAWEA_UNKNOWN,102.765925,14.300292,76,,1826,,196
30,26,1930,Yali Falls,Yali,Ialy,Storage,Vietnam,2001,Operational,69,1190,56.02875446,31.0167533,47.62444129,775.073721,473.9114412,658.8126628499999,22.9,-999.9,-999.9,502.7477219,180,-999.9,720,Hydropower,Irrigation,107.832322,14.230762,182,,3297,,3297
31,27,4896,Haixihai,Haixihai,SEAWEA_UNKNOWN,SEAWEA_UNKNOWN,China,1995,Operational,21,91.5,4.288881228,3.613038752,4,61.9,41.9,61.9,15.7,-999.9,-999.9,2125.516882,-999.9,-999.9,61.9,Irrigation,Irrigation,99.978125,26.290762,34,,757,,757
32,28,4902,Zibihe,Zibihe,SEAWEA_UNKNOWN,SEAWEA_UNKNOWN,China,1981,Operational,-99,-99,9.480499357,7.97,8.058424453,95.54978735,11,93.2,11.9,-999.9,-999.9,2044.184287,-999.9,-999.9,93.2,Irrigation,Irrigation,99.955536,26.136007,185,,745,,197
33,29,5084,Nam Leuk,Nam Leuk,Nam Leuk,Storage,Laos,2000,Operational,45,800,12.8,6.403858592,12.8,185,154,185,20.1,411.5,388,388,46.5,-999.9,60,Hydropower,SEAWEA_UNKNOWN,102.946765,18.439659,105,,1996,,1996
34,30,5107,Chulabhorn,Chulabhorn,Chulabhorn,Storage,Thailand,1972,Operational,70,700,12,0.5,12,188,144.5,188,27.1,-999.9,-999.9,745.3411321,-99,-999.9,40,Hydropower,Irrigation,101.650246,16.53714,18,,1744,,1744
37,31,5119,Lamphraphloeng,Lamphraphloeng,SEAWEA_UNKNOWN,SEAWEA_UNKNOWN,Thailand,1967,Operational,49,575,13.1,0.8,13.1,242,15.93062369,152,15.7,-999.9,-999.9,255.0524574,-999.9,-999.9,-99,Irrigation,SEAWEA_UNKNOWN,101.839349,14.592853,77,,1755,,198
38,32,6576,Krong Buk Ha,Krong Buk Ha,SEAWEA_UNKNOWN,SEAWEA_UNKNOWN,Vietnam,2014,Operational,35,2042,11.76979434,7.752555072,10.1,122.7048078,59.69767549,110,10.9,-999.9,-999.9,478.3999226,-999.9,-999.9,-99,Irrigation,SEAWEA_UNKNOWN,108.370289,12.778758,72,,-999,,44
39,33,6957,Nakai,Nam Theun 2,Nam Theun 2,Storage,Laos,2010,Operational,39,436,431.2597564,260.5851714,366.5707929,5513.22063,2229.026288,3210,7.8,-999.9,538,530,348,-999.9,1070,Hydropower,Irrigation,104.952263,17.99679,123,,41,,41
40,34,6959,Nam Ngum 2,Nam Ngum 2,Nam Ngum 2,Storage,Laos,2011,Operational,185,470,122,75.39522769,100,6774,2573.474807,4230,45.2,-999.9,378,355.5040219,146,-999.9,615,Hydropower,SEAWEA_UNKNOWN,102.77657,18.753615,111,,2000,,2000
41,35,6960,Nam Ngum 5,Nam Ngum 5,Nam Ngum 5,Storage,Laos,2012,Operational,104,258,15,2.98911166,14.8,-999.9,40.71423359,314,71.2,1104.5,1100,-999.9,337,21.14,120,Hydropower,SEAWEA_UNKNOWN,102.620386,19.355319,112,,1987,,1987
42,36,6961,Xekaman 1 Dam,Xe Kaman 1,SEAWEA_UNKNOWN,SEAWEA_UNKNOWN,Laos,2015,Operational,120,235,124.2767496,102.2619602,105.6352372,5017.881137,3526.518419,4265.198966,31.8,230,230,218,-99,-999.9,290,Hydropower,SEAWEA_UNKNOWN,107.159768,14.960122,176,,3276,,199
43,37,6962,Xekaman 3 Dam,Xe Kaman 3,Xekaman 3,Storage,Laos,2013,Operational,100,540,5.251,3.436891881,5,148.4945389,76.43749617,141,34.3,960,960,925,515,-999.9,250,Hydropower,SEAWEA_UNKNOWN,107.36143,15.425985,177,,3306,,3306
44,38,6989,Dachaoshan,Dachaoshan,Da Chao Shan,Storage,China,2002,Operational,115,461,25.74055908,20.83304742,21.87947522,719.7408323,491.1878776,611.7797075,46,-999.9,-999.9,888.6501504,72.5,-999.9,1350,Hydropower,SEAWEA_UNKNOWN,100.368647,24.027054,20,,-999,,137
45,39,7029,Gongguoqiao,Gongguoqiao,Gong Guo Qiao,Storage,China,2012,Operational,105,356,12.90244527,10.66822021,10.96707848,316,120,316,32.8,-999.9,-999.9,1300.236354,58,-999.9,750,Hydropower,SEAWEA_UNKNOWN,99.335411,25.585622,31,,111,,111
46,40,7089,Buon Tua Srah,Buon Tua Srah,Buon Tua Srah,Storage,Vietnam,2007,Operational,80,-99,34.83035737,21.64927884,31.76,763.1078981,437.9498991,648.6417134,24.9,-999.9,-999.9,479.4580049,-99,-999.9,86,Hydropower,Irrigation,108.043697,12.281214,15,,3104,,3104
47,41,7090,Buon Kuop,Buon Kuop,Buon Kuop,Storage,Vietnam,2009,Operational,34,-99,6.921670989,5.545867141,6.82,71.59993165,57.87394399,63,9.3,-999.9,-999.9,412.8772339,98.5,-999.9,280,Hydropower,Irrigation,107.926265,12.530393,14,,3127,,3127
48,42,7095,Ea Soup Thuong,Ea Soup Thuong,SEAWEA_UNKNOWN,SEAWEA_UNKNOWN,Vietnam,2004,Operational,26,2020,15.28539162,7.653561228,15,112.9627726,37.76271802,96.01835671,11.4,-999.9,-999.9,220.0053597,-999.9,-999.9,-99,Irrigation,SEAWEA_UNKNOWN,107.935443,13.039576,28,,3278,,3278
49,43,7111,Jinghong,Jinghong,Jing Hong,Storage,China,2009,Operational,108,619,33.8130358,28.32635592,28.74108043,1139,249,1139,45.8,-999.9,-999.9,597.8763094,-99,-999.9,1500,Hydropower,SEAWEA_UNKNOWN,100.764486,22.052102,60,,2006,One to many,2006
50,44,7129,Plei Krong,Plei Krong,PleiKrong,Storage,Vietnam,2006,Operational,71,495,46.75711229,33.71455016,43.95,1049,948,1049,24,-999.9,-999.9,561.1615094,57.5,-999.9,100,Hydropower,Irrigation,107.864439,14.40999,134,,3295,,3295
51,45,7131,Sesan 4,Se San IV,Se San 4,Storage,Vietnam,2008,Operational,74,834,52.68635111,42.29269388,44.78339844,786.1730728,558.5919252,668.2471119,16.9,-999.9,-999.9,215.3210376,-999.9,-999.9,360,Hydropower,Irrigation,107.497264,13.968156,145,,61,,61
52,46,7160,Nuozhadu,Nuozhadu,Nuozhadu,Storage,China,2014,Operational,262,628,315.0887252,215.3885331,267.8254164,21360.07131,13068.08731,18156.06061,96.5,-999.9,-999.9,776.1090282,187,-999.9,5850,Hydropower,SEAWEA_UNKNOWN,100.429623,22.640879,130,,2002,,2002
53,47,7209,Xiaowan,Xiaowan,Xiaowan,Storage,China,2012,Operational,294,893,213.3651545,131.4955882,190,15043,9895,15043,97.7,-999.9,-999.9,1196.170457,216,-999.9,4200,Hydropower,SEAWEA_UNKNOWN,100.093825,24.706595,180,,117,,117
54,48,7390,Miaowei,Miaowei,SEAWEA_UNKNOWN,SEAWEA_UNKNOWN,China,2016,Operational,131,577,20.19044383,17.32317489,17.32317489,784.5332965,599.5176365,660,44.6,-999.9,-999.9,1401.133252,-999.9,-999.9,1400,Hydropower,SEAWEA_UNKNOWN,99.161352,25.855159,93,,112,,112
55,49,7400,Nam Theun 1 Dam,Nam Theun I,SEAWEA_UNKNOWN,SEAWEA_UNKNOWN,Laos,2021,Operational,177,722,49.02248202,34.84074396,41.66910972,2571.653032,1639.122844,2185.905077,4022.7,297,-999.9,240,140,-999.9,650,Hydropower,SEAWEA_UNKNOWN,104.146278,18.351192,122,,66,,66
56,50,7404,Nam Ngiep 2,Nam Ngiep II,Nam Ngiep 3A,SEAWEA_UNKNOWN,Laos,2015,Operational,70,110,5.893592454,3.763155423,5.5,172.3230545,71.38053803,152,31.6,-999.9,-999.9,853.0339984,151.3,-999.9,44,Hydropower,SEAWEA_UNKNOWN,103.283656,19.24375,109,,-999,,138
80,51,10199,Huai Luang,Huai Luang,SEAWEA_UNKNOWN,SEAWEA_UNKNOWN,Thailand,1984,Operational,12.5,-99,3.2,-99,3.2,135.57,-99,135.57,15.9,-999.9,-999.9,-999.9,-999.9,-999.9,-99,Water supply,SEAWEA_UNKNOWN,102.594237,17.368812,,,1874,,1874
155,52,18985,Sanshao,Unknown 1,SEAWEA_UNKNOWN,SEAWEA_UNKNOWN,China,1958,Operational,-99,-99,0.57,-99,0.57,-99,-99,119.6,14.9,-999.9,-999.9,-999.9,-999.9,-999.9,-99,Irrigation,Water supply,100.335351,25.493608,,,2463,,2463
160,53,20082,Ximahe,Ximahe,SEAWEA_UNKNOWN,SEAWEA_UNKNOWN,China,1956,Operational,-99,-99,9.49,-99,0.61,420,-99,420,15.2,-999.9,-999.9,-999.9,-999.9,-999.9,-99,Irrigation,SEAWEA_UNKNOWN,100.986458,22.785417,,,1942,,1942
174,54,21996,Nong Han,SEAWEA_UNKNOWN,SEAWEA_UNKNOWN,SEAWEA_UNKNOWN,Thailand,1993,Operational,-99,-99,-99,-99,73,-99,-99,1874.4,14.1,-999.9,-999.9,-999.9,-999.9,-999.9,-99,Hydropower,Irrigation,104.280208,17.153727,,,1235,,130
285,55,36945,Guoduo,Guoduo,SEAWEA_UNKNOWN,SEAWEA_UNKNOWN,China,2016,Operational,93,235.5,5.440986096,3.414762962,4.6248381815999995,152.2338978,66.08684641,83,16.8,-999.9,-999.9,3417.575362,-999.9,-999.9,160,Hydropower,SEAWEA_UNKNOWN,97.188572,31.532583,33,,-999,,-999
286,56,38718,Dahuaqiao,Dahuaqiao,SEAWEA_UNKNOWN,SEAWEA_UNKNOWN,China,2022,Operational,106,231.5,10.28973003,8.793209523,8.793209523,326.1842841,233.7686729,293,16.1,-999.9,-999.9,1474.594686,-999.9,-999.9,920,Hydropower,SEAWEA_UNKNOWN,99.14375,26.30625,21,,113,,113
298,57,38758,Luozhahe 1,Luozhahe 1,SEAWEA_UNKNOWN,SEAWEA_UNKNOWN,China,2016,Operational,59,-99,-99,-99,2,14.33,-99,14.3,16.4,-999.9,-999.9,-999.9,-999.9,-999.9,30,Hydropower,SEAWEA_UNKNOWN,100.450913,24.505796,,,125,,125
307,58,39220,Dak Psi 4,Dak Psi 4,Dak Psi 4,Run of River,Vietnam,2010,Operational,-99,-99,-99,-99,-99,-99,-99,-99,14.2,-999.9,-999.9,-999.9,-99,-999.9,30,Hydropower,SEAWEA_UNKNOWN,108.002105,14.76965,,,3242,,200
310,59,39224,Houay Lamphan Gnai Dam,Houay Lamphan Gnai,Houay Lamphan Gnai,Storage,Laos,2015,Operational,77,557.3,7.944492611,4.802775382,6.752818719,199.1539552,74.32442637,140,17.5,-999.9,828,795,529,-999.9,84.8,Hydropower,SEAWEA_UNKNOWN,106.498213,15.355295,38,,3268,,201
319,60,39342,Nam Mang 1,Nam Mang 1,SEAWEA_UNKNOWN,SEAWEA_UNKNOWN,Laos,2016,Operational,70,280,2.5,-99,2.5,16.52,-99,16.52,15.6,-999.9,-999.9,-999.9,86,-999.9,64,Hydropower,SEAWEA_UNKNOWN,103.181121,18.473078,,,-999,,140
320,61,39343,Nam Lik 2,Nam Lik 1-2,Nam Lik 1-2,Storage,Laos,2010,Operational,103,327.84,24.4,-99,24.4,1330,-99,11,19.4,-999.9,305,275,63,78.1,100,Hydropower,SEAWEA_UNKNOWN,102.117489,18.795679,,,2014,,2014
322,62,39348,Nam Phay ,Nam Phay,SEAWEA_UNKNOWN,SEAWEA_UNKNOWN,Laos,2016,Operational,56.7,-99,-99,-99,8.92,-99,-99,-99,17.6,-999.9,-999.9,-999.9,720,-999.9,86,Hydropower,SEAWEA_UNKNOWN,102.776505,19.11166,,3,-999,,141
325,63,39352,Nam Khan 2,Nam Khan 2,SEAWEA_UNKNOWN,SEAWEA_UNKNOWN,Laos,2015,Operational,136,365,30.57,20.78974844,30.57,686,632.3937035,686,18.9,475,-999.9,465,119,67,130,Hydropower,SEAWEA_UNKNOWN,102.369661,19.679862,101,,59,,59
327,64,39354,Nam Khan 3,Nam Khan 3,SEAWEA_UNKNOWN,SEAWEA_UNKNOWN,Laos,2016,Operational,61,156,7.466138104,4.632196829,7.07,224,60.79472389,224,17.3,349,-999.9,343,41.65,176,60,Hydropower,SEAWEA_UNKNOWN,102.223958,19.746729,102,,1973,,202
345,65,38584,Jinhe,Jinhe,SEAWEA_UNKNOWN,SEAWEA_UNKNOWN,China,2004,Operational,34,68.4,-99,-99,2.31,4.27,-99,4.27,-99,-999.9,-999.9,-999.9,-999.9,-999.9,60,Hydropower,SEAWEA_UNKNOWN,97.332948,30.806065,,,791,,791
346,66,38613,XunCun,XunCun,SEAWEA_UNKNOWN,SEAWEA_UNKNOWN,China,1999,Operational,67,165,3.128061149,2.164882774,2.658851977,35.84700079,18.97169585,30.46995067,-99,-999.9,-999.9,1316.624619,-999.9,-999.9,78,Hydropower,SEAWEA_UNKNOWN,99.993279,25.421853,181,,116,,116
347,67,38640,Huangdeng,Huangdeng,SEAWEA_UNKNOWN,SEAWEA_UNKNOWN,China,2017,Operational,203,457,35.40134016,27.77602657,30.091139135999995,1740.522121,1219.294055,1613,-99,-999.9,-999.9,1609.728809,-999.9,-999.9,1900,Hydropower,SEAWEA_UNKNOWN,99.116985,26.559238,41,,114,,114
351,68,39146,Nam Kong 2 Dam,Nam Kong 2,SEAWEA_UNKNOWN,SEAWEA_UNKNOWN,Laos,2018,Operational,65,210,5.692178603,3.528203528,4.2,89.63418349,49.29507743,71.4,-99,427,-999.9,420,98.8,76.2,66,Hydropower,SEAWEA_UNKNOWN,106.856744,14.494468,103,,39,,39
353,69,39185,Xekaman Xanxay Dam,Xekaman-Sanxay,SEAWEA_UNKNOWN,SEAWEA_UNKNOWN,Laos,2018,Operational,28,180,-99,-99,-99,-99,-99,7.1,-99,123,-999.9,122,-999.9,-999.9,32,Hydropower,SEAWEA_UNKNOWN,107.117143,14.888971,,,45,,45
354,70,39194,Sesan 4A,Se san 4A,Se san 4A,Storage,Vietnam,2011,Operational,31.5,-99,1.75,-99,1.75,13.13,-99,13.1,-99,-999.9,-999.9,-999.9,12.2,-999.9,63,Hydropower,Flood control,107.464724,13.931154,,,43,,43
355,71,39195,Se San 3A,Se San 3A,Se San 3A,Storage,Vietnam,2007,Operational,35,-99,7.422643288,6.704497939,6.704497939,88.81518053,72.29531822,80.60000000000001,-99,-999.9,-999.9,244.9612633,-99,-999.9,108,Hydropower,SEAWEA_UNKNOWN,107.657899,14.106402,144,,62,,62
356,72,39196,Se San 3,Sesan 3,Se San 3,Storage,Vietnam,2006,Operational,79,-99,3.556693993,3.247326824,3.247326824,107.6247187,91.84944228,92,-99,-999.9,-999.9,314.2103397,-99,-999.9,260,Hydropower,SEAWEA_UNKNOWN,107.721858,14.215329,143,,3285,,203
392,73,39298,Mong Wa,Mong Wa,SEAWEA_UNKNOWN,Run of River,Myanmar,2017,Operational,51,237.4,7.044411528,5.245876028,5.987749799,101.2775447,54.32734153,64.93,-99,-999.9,-999.9,537.9924787,-999.9,-999.9,66,Hydropower,SEAWEA_UNKNOWN,100.325923,21.397254,95,,-999,,142
393,74,39303,Nam Ou 5,Nam Ou 5,SEAWEA_UNKNOWN,SEAWEA_UNKNOWN,Laos,2016,Operational,74,-99,12.71827942,6.695904974,10.81053751,280.7449134,92.51410877,238.63317638999996,-99,-999.9,-999.9,428.8089059,-999.9,-999.9,240,Hydropower,SEAWEA_UNKNOWN,102.344401,21.411347,116,,89,,89
402,75,8,Theun-Hin Boun Expansion,Nam Gnouang,Theun Hinboun,Run of River,Laos,2013,Operational,65,480,2900,4.82067342,49,37.55101367,11.89283411,31.91836162,2.4,455,-999.9,-999.9,230,-999.9,280,Hydropower,SEAWEA_UNKNOWN,104.635417,18.297448,166,4,2019,,2019
409,76,40265,Srepok 3,SrePok 3,SrePok 3,Storage,Vietnam,2009,Operational,52.5,-99,17.01682947,14.35118138,14.46430505,211.1572522,158.6147312,179.4836644,-99,-999.9,-999.9,269.9711715,60,-999.9,220,Hydropower,SEAWEA_UNKNOWN,107.876878,12.75182,155,,3100,,3100
410,77,40266,Srepok 4,SrePok 4,SrePok 4,Storage,Vietnam,2010,Operational,155,860,150,-99,3.75,-99,-99,25.94,-99,-999.9,-999.9,-999.9,21.4,-999.9,80,Hydropower,SEAWEA_UNKNOWN,107.855586,12.807774,,,3103,,3103
436,78,4056,Don Sahong Dam,Don Sahong,Don Sahong,Run of River,Laos,2020,Operational,25,2730,115,-999.9,2.2,25,-999.9,25,-999.9,-999.9,72,-999.9,20,2400,260,Hydropower,SEAWEA_UNKNOWN,105.964247,13.956223,,,-999,,143
441,79,4075,Xe Katam 1-Xe Namnoy 2 HPP,Xe Nam Noy 2 - Xe Katam 1,Xe Namnoy 2 - Xe Katam !,SEAWEA_UNKNOWN,Laos,2016,Operational,-99,-999.9,-999.9,-999.9,-999.9,-999.9,-999.9,115,-999.9,-999.9,-999.9,-999.9,-99,-999.9,15,Hydropower,SEAWEA_UNKNOWN,106.6188889,15.11833333,,,-999,,144
454,80,7722,Srepok 4A,Sre Pok IVA,Sre Pok 4a,Run of River,Vietnam,2014,Operational,-99,-999.9,-999.9,-999.9,-999.9,-999.9,-999.9,3.94,-999.9,-999.9,-999.9,-999.9,19.2,-999.9,64,Hydropower,SEAWEA_UNKNOWN,107.8123,12.8935,,,-999,,145
456,81,7740,Upper Kontum,Upper Kontum,Thuong Kon Tum,Storage,Vietnam,2014,Operational,73,80,7.08,-999.9,7.08,-999.9,-999.9,145.52,-999.9,-999.9,-999.9,-999.9,844,-999.9,220,Hydropower,SEAWEA_UNKNOWN,108.2299,14.6941,,,19,,19
460,82,1898,Nam Oun,Nam Oun,SEAWEA_UNKNOWN,SEAWEA_UNKNOWN,Thailand,1973,Operational,30,3300,93.30089784,52.6391354,85,780,182.1972166,520,13.6,-999.9,-999.9,179.3639521,-999.9,-999.9,-999.9,Water supply,SEAWEA_UNKNOWN,103.739583,17.305071,119,5,1783,,204
461,83,9,Lam Sae,Lam Sae,SEAWEA_UNKNOWN,SEAWEA_UNKNOWN,Thailand,1998,Operational,29.5,-999.9,2.95,-999.9,2.95,325,-999.9,275,-999.9,-999.9,-999.9,-999.9,-999.9,-999.9,-999.9,Water supply,SEAWEA_UNKNOWN,102.2774,14.415833,,,1875,,205
467,84,7,Mun Bon,Mun Bon,SEAWEA_UNKNOWN,SEAWEA_UNKNOWN,Thailand,1980,Operational,32.7,-999.9,1.275,-999.9,1.275,350,-999.9,141,-999.9,-999.9,-999.9,-999.9,-999.9,-999.9,-999.9,Water supply,Water supply,102.147056,14.484167,,6,1871,,1871
931,85,14,A Lin B1,SEAWEA_UNKNOWN,A Lin B1 ,SEAWEA_UNKNOWN,Vietnam,2019,Operational,-999.9,-999.9,-999.9,-999.9,-999.9,-999.9,-999.9,-999.9,-999.9,-999.9,-999.9,-999.9,-999.9,-999.9,42,Hydropower,SEAWEA_UNKNOWN,107.14948,16.31253,,,48,,48
982,86,20,Nam Tha 2,SEAWEA_UNKNOWN,SEAWEA_UNKNOWN,SEAWEA_UNKNOWN,Laos,2024,Operational,-999.9,-999.9,-999.9,-999.9,-999.9,-999.9,-999.9,-999.9,-999.9,-999.9,-999.9,-999.9,-999.9,-999.9,37.5,Hydropower,SEAWEA_UNKNOWN,100.711972,20.242972,,,-999,,134
984,87,23,Nam Beng,Nam Beng,SEAWEA_UNKNOWN,SEAWEA_UNKNOWN,Laos,2017,Operational,25.5,84.8,0.724,-999.9,1908,3611,-999.9,3611,-999.9,-999.9,-999.9,-999.9,-999.9,1908,36,Hydropower,SEAWEA_UNKNOWN,101.24,19.946,,,-999,,146
988,88,31,Nam Lik 1,Nam Lik 1,SEAWEA_UNKNOWN,SEAWEA_UNKNOWN,Laos,2019,Operational,39.5,148.6,11.5,-999.9,11.5,-999.9,-999.9,-999.9,-999.9,-999.9,-999.9,-999.9,22.3,-999.9,64.5,Hydropower,SEAWEA_UNKNOWN,102.387,18.618,,,65,,65
996,89,52,Nam San 3A,Nam San 3A,SEAWEA_UNKNOWN,SEAWEA_UNKNOWN,Laos,2016,Operational,75,350,8.5,-999.9,8.5,123,-999.9,123,-999.9,-999.9,-999.9,-999.9,-999.9,-999.9,69,Hydropower,SEAWEA_UNKNOWN,103.662314,19.130329,,,-999,,147
998,90,56,Nam Song Diversion,Nam Song Diversion,SEAWEA_UNKNOWN,SEAWEA_UNKNOWN,Laos,1996,Operational,21,209,1.3,-999.9,1030,-999.9,-999.9,14400,-999.9,-999.9,214.5,-999.9,-999.9,210,6,Hydropower,SEAWEA_UNKNOWN,102.427183,18.798712,,,1969,,1969
1010,91,77,Houay Lamphan Lower Dam,SEAWEA_UNKNOWN,SEAWEA_UNKNOWN,SEAWEA_UNKNOWN,Laos,2021,Operational,55,523,-999.9,-999.9,39,-999.9,-999.9,471,-999.9,-999.9,198,-999.9,51.4,19.5,15,Hydropower,SEAWEA_UNKNOWN,106.629617,15.321542,,,37,,37
1017,92,86,Nam Kong 1 Dam,Nam Kong 1,SEAWEA_UNKNOWN,SEAWEA_UNKNOWN,Laos,2021,Operational,85.3,379.1,21.8,-999.9,21.8,0.68,-999.9,505,-999.9,306,-999.9,287,190,-999.9,160,Hydropower,SEAWEA_UNKNOWN,106.741028,14.546556,,,38,,38
1028,93,109,Xe Set 1 Dam,Xeset (Se Xet) I Laos,SEAWEA_UNKNOWN,Run of River,Laos,1990,Operational,10,91,-999.9,-999.9,0.1,-999.9,-999.9,-999.9,-999.9,482,-999.9,478,157,-999.9,45,SEAWEA_UNKNOWN,SEAWEA_UNKNOWN,106.276975,15.50314,,,-999,,148
1038,94,165,Xe Lanong 1 Dam,Xe Lanong 1,SEAWEA_UNKNOWN,SEAWEA_UNKNOWN,Laos,2020,Operational,67.5,-999.9,29.76574576,26.50645224,26.50645224,830.5867714,590.5651434,705.9987556899999,-999.9,206,-999.9,218.48094,-999.9,-999.9,70,Hydropower,SEAWEA_UNKNOWN,106.237564,16.355732,178,,35,,35
1042,95,79,Lidi,Lidi,SEAWEA_UNKNOWN,SEAWEA_UNKNOWN,China,2019,Operational,75,346.4,4.156325602,3.224447513,3.7,86.52704675,52.2156491,75,-999.9,-999.9,-999.9,1820.580995,-999.9,-999.9,420,Hydropower,SEAWEA_UNKNOWN,99.0176,27.85,79,,120,,120
1043,96,84,Luozhahe 2,Luozhahe 2,SEAWEA_UNKNOWN,SEAWEA_UNKNOWN,China,2017,Operational,71,-999.9,1.287439531,0.709465309,-999.9,17.59732874,6.844555552,14.95772943,-999.9,-999.9,-999.9,1012.538246,-999.9,-999.9,50,Hydropower,SEAWEA_UNKNOWN,100.3471,24.4811,84,,-999,,126
1044,97,113,Nam Ou 1,Nam Ou 1,SEAWEA_UNKNOWN,SEAWEA_UNKNOWN,Laos,2020,Operational,65,442,11.8140693,7.961056716,9.56,138.0424717,63.92271077,89.1,-999.9,-999.9,-999.9,310.0491969,-999.9,-999.9,160,Hydropower,SEAWEA_UNKNOWN,102.3173,20.1542,113,,93,,93
1045,98,114,Nam Ou 2,Nam Ou 2,SEAWEA_UNKNOWN,SEAWEA_UNKNOWN,Laos,2016,Operational,49,352,13.01290188,10.1640668,11.060966597999998,114.5203262,78.97473419,97.34227727,-999.9,-999.9,-999.9,330.0021306,-999.9,-999.9,120,Hydropower,SEAWEA_UNKNOWN,102.454,20.3952,114,,92,,92
1046,99,115,Nam Ou 4,Nam Ou 4,SEAWEA_UNKNOWN,SEAWEA_UNKNOWN,Laos,2020,Operational,47,300,4.870108317,3.090930208,4.139592069,75.9069497,30.38550818,64.52090725,-999.9,-999.9,-999.9,383.2960797,-999.9,-999.9,116,Hydropower,SEAWEA_UNKNOWN,102.4931,21.1226,115,,90,,90
1047,100,117,Nam Ou 6,Nam Ou 6,SEAWEA_UNKNOWN,SEAWEA_UNKNOWN,Laos,2015,Operational,88,-999.9,15.83033248,8.356942674,13.45578261,408.8572242,149.3455818,347.5286406,-999.9,-999.9,-999.9,498.236964,-999.9,-999.9,180,Hydropower,SEAWEA_UNKNOWN,102.1951,21.7745,117,,88,,88
1048,101,118,Nam Ou 7,Nam Ou 7,SEAWEA_UNKNOWN,SEAWEA_UNKNOWN,Laos,2021,Operational,147,825,32.96620643,5.646808713,28.02127547,1286.653373,119.9456223,1093.655367,-999.9,-999.9,-999.9,565.768116,-999.9,-999.9,190,Hydropower,SEAWEA_UNKNOWN,102.246,22.103,118,,87,,87
1049,102,174,Wunonglong,Wunonglong,SEAWEA_UNKNOWN,SEAWEA_UNKNOWN,China,2018,Operational,137.5,247,8.680754714,7.074329579,7.378641507,376.8753068,243.9060061,284,-999.9,-999.9,-999.9,1904.803662,-999.9,-999.9,990,Hydropower,SEAWEA_UNKNOWN,98.907,27.986,174,,118,,118
1068,103,6402,SEAWEA_UNKNOWN,Kamping Puoy,SEAWEA_UNKNOWN,SEAWEA_UNKNOWN,Cambodia,1977,Operational,-999.9,1900,-999.9,-999.9,-999.9,110,-999.9,-999.9,-999.9,-999.9,-999.9,-999.9,-999.9,-999.9,-999.9,Irrigation,SEAWEA_UNKNOWN,102.969136,13.084158,,,1870,,1870
1084,104,6656,Xi'er He 3,Xi'er He 3,SEAWEA_UNKNOWN,SEAWEA_UNKNOWN,China,1988,Operational,20.7,-999.9,-999.9,-999.9,0.1,-999.9,-999.9,-999.9,-999.9,-999.9,-999.9,-999.9,-999.9,-999.9,50,Hydropower,SEAWEA_UNKNOWN,100.107878,25.558584,,,-999,,-999
1085,105,6657,Xi'er He 2,Xi'er He 2,SEAWEA_UNKNOWN,SEAWEA_UNKNOWN,China,1987,Operational,37.25,121.8,-999.9,-999.9,-999.9,0.2,-999.9,0.2,-999.9,-999.9,-999.9,-999.9,-999.9,-999.9,50,Hydropower,SEAWEA_UNKNOWN,100.131191,25.561991,,,-999,,-999
1086,106,6661,Xi'er He 4,Xi'er He 4,SEAWEA_UNKNOWN,SEAWEA_UNKNOWN,China,1971,Operational,-999.9,-999.9,-999.9,-999.9,-999.9,14,-999.9,14,-999.9,-999.9,-999.9,-999.9,-999.9,-999.9,50,Hydropower,SEAWEA_UNKNOWN,100.065574,25.576262,,,-999,,150
1087,107,6662,Xi'er He 1,Xi'er He 1,SEAWEA_UNKNOWN,SEAWEA_UNKNOWN,China,1979,Operational,-999.9,-999.9,-999.9,-999.9,-999.9,-999.9,-999.9,-999.9,-999.9,-999.9,-999.9,-999.9,-999.9,-999.9,105,Hydropower,SEAWEA_UNKNOWN,100.202419,25.578801,,,-999,,149
1113,108,6844,Dong'erhe,Dong鈥檈rhe,SEAWEA_UNKNOWN,SEAWEA_UNKNOWN,China,1959,Operational,26.43,-999.9,-999.9,-999.9,0.88,1070,-999.9,1070,-999.9,-999.9,-999.9,-999.9,-999.9,-999.9,-999.9,Irrigation,SEAWEA_UNKNOWN,101.057641,23.075179,,,2420,,2420
1150,109,13607,Nam Ou 3,Nam Ou 3,SEAWEA_UNKNOWN,SEAWEA_UNKNOWN,Laos,2020,Operational,72,340,13.26,-999.9,13.26,168.6,-999.9,168.6,-999.9,-999.9,-999.9,-999.9,-999.9,-999.9,150,Hydropower,SEAWEA_UNKNOWN,102.665404,20.695251,,,91,,91
1233,110,29,Longma,Puer Mengyejiang Hydro,Yunnan Puer Mengyejiang Hydro,Storage,China,2007,Operational,135,315,12.64846846,7.713502486,11.73,498.7375296,225.3120625,423.9269002,50.4,-999.9,-999.9,611.3250478,-99,-999.9,240,Hydropower,SEAWEA_UNKNOWN,101.6481,22.8757,81,9,1999,,1999
1234,111,63,Dak R'Tih,Dak R'Tih,Dak R'Tih,Storage,Vietnam,2011,Operational,42,553,-999.9,-999.9,9.6,-999.9,-999.9,130,13.5,-999.9,-999.9,-999.9,-99,-999.9,82,Hydropower,SEAWEA_UNKNOWN,107.6597,11.9902,,,11,,11
1519,112,2,Stung Atay II,SEAWEA_UNKNOWN,SEAWEA_UNKNOWN,SEAWEA_UNKNOWN,Cambodia,2013,Operational,110,-99,-99,-99,-99,-99,-99,-99,18.4,-999.9,-999.9,-999.9,188,-999.9,100,SEAWEA_UNKNOWN,SEAWEA_UNKNOWN,103.173727,12.022518,,,891,,206
1521,113,40305,Lower Stung Russei Chrum,Lower Russei Chrum,Lower Russei Chrum,Storage,Cambodia,2014,Operational,58.5,-99,-99,-99,1.067,-99,-99,62,15.5,-999.9,-999.9,-999.9,86,-999.9,132,SEAWEA_UNKNOWN,SEAWEA_UNKNOWN,103.081367,11.783482,,,3,,3
1523,114,999,SEAWEA_UNKNOWN,Upper Russei Chrum,Upper Russei Chrum,Storage,Cambodia,2014,Operational,124,-999.9,-999.9,-999.9,12.938,-999.9,-999.9,401,-999.9,-999.9,-999.9,-999.9,132,-999.9,206,SEAWEA_UNKNOWN,SEAWEA_UNKNOWN,103.1025,11.8233333,,,-999,,2
1530,115,4,Myotha,Myotha,SEAWEA_UNKNOWN,SEAWEA_UNKNOWN,Myanmar,2001,Operational,-99,20,6.95,-99,-99,1128,-99,-99,15.5,-999.9,-999.9,-999.9,-999.9,-999.9,0,Irrigation,SEAWEA_UNKNOWN,95.719988,21.672792,,,635,,635
1534,116,25,Lazhai,Lazhai,Lazhai,Storage,China,2008,Operational,32,180.5,-99,-99,3.09,59.96,-99,-99,-99,-999.9,1102.5,-999.9,32,-999.9,120,Hydropower,SEAWEA_UNKNOWN,98.626855,24.638523,,,687,,207
1535,117,38,Myitthar,SEAWEA_UNKNOWN,SEAWEA_UNKNOWN,Storage,Myanmar,2016,Operational,63,-99,-99,-99,12.2,325,-99,-99,18.5,-999.9,-999.9,-999.9,-999.9,-999.9,40,Multiple purpose,SEAWEA_UNKNOWN,94.0406662,21.9935613,,,63,,63
1536,118,39,SEAWEA_UNKNOWN,Yingjiang Zhina River I & II,Yunnan Yingjiang Zhina River 2nd Level Phase 1 And Phase 2,Run of River,China,2007,Operational,-99,-999.9,-999.9,-999.9,-999.9,-999.9,-999.9,-999.9,-999.9,-999.9,-999.9,-999.9,-99,-999.9,36,SEAWEA_UNKNOWN,SEAWEA_UNKNOWN,98.0897,25.2803,,,-999,,-999
1538,119,41,Chipwi Nge,Chibwe Nge,SEAWEA_UNKNOWN,Run of River,Myanmar,2013,Operational,47.5,220,0.07,-999.9,0.1,0.3,-999.9,-999.9,-999.9,-999.9,-999.9,-999.9,433,-999.9,99,Hydropower,SEAWEA_UNKNOWN,98.184167,25.806111,,,-999,,-999
1539,120,329,Thaphanseik,Thaphanseik,Thaphanseik,Storage,Myanmar,2001,Operational,33,6885,423.1364267,237.7463595,332.88,4420.425734,1640.964145,3550,10.7,-999.9,-999.9,161.7544022,19,-999.9,30,Irrigation,SEAWEA_UNKNOWN,95.35625,23.307937,165,,740,,208
1540,121,1810,Kintat,Kintat,SEAWEA_UNKNOWN,SEAWEA_UNKNOWN,Myanmar,1997,Operational,15,1914,21.85,0.8,-99,350,47.237,350,28.7,-999.9,-999.9,-999.9,-999.9,-999.9,-99,Irrigation,SEAWEA_UNKNOWN,95.36875,23.219707,,,761,,209
1541,122,1823,Sedawgyi,Sedawgyi,Sedawgyi,Storage,Myanmar,1989,Operational,41,600,37.61641084,29.49989559,31.13,450,350,450,14.5,-999.9,-999.9,122.5221062,28.2,-999.9,25,Irrigation,SEAWEA_UNKNOWN,96.326042,22.349563,141,,618,,618
1542,123,1844,Kinda,Kinda,Kinda,Storage,Myanmar,1986,Operational,72,625,35.65855832,18.5472267,26.3,1080,970,1010,41.2,-999.9,-999.9,174.9771905,56,-999.9,56,Irrigation,SEAWEA_UNKNOWN,96.318745,21.156255,69,,613,,613
1546,124,5026,SEAWEA_UNKNOWN,Kabo Dam,SEAWEA_UNKNOWN,SEAWEA_UNKNOWN,Myanmar,1997,Operational,-99,-99,-99,-99,-99,216.8,-99,-99,17.7,-999.9,-999.9,-999.9,-999.9,-999.9,-99,Irrigation,SEAWEA_UNKNOWN,95.682927,22.623773,,,596,,596
1549,125,5063,Manchaung,Manchaung,SEAWEA_UNKNOWN,SEAWEA_UNKNOWN,Myanmar,1999,Operational,-99,-99,8.267505749,5.647776962,-99,126.2477638,45.45353003,107.3105992,24.1,-999.9,-999.9,180.3227474,-999.9,-999.9,-99,Irrigation,SEAWEA_UNKNOWN,94.422917,20.085417,91,,150,,210
1550,126,7078,Yeywa,Yeywa,Yeywa,Storage,Myanmar,2010,Operational,135,680,70.39909023,49.27320414,59,3197.94879,1839.187277,2600,48,-999.9,-999.9,175.3774608,105,-999.9,790,Hydropower,SEAWEA_UNKNOWN,96.474362,21.674504,184,,622,,622
1551,127,7121,Longjiang,Longjiang,Longjiang (Yunnan) Dam,Storage,China,2010,Operational,115,472,33.79786616,23.77733398,26.16,1078.892363,628.5483581,917.0585086,46.6,-999.9,-999.9,855.2449199,-99,-999.9,240,Hydropower,SEAWEA_UNKNOWN,98.109701,24.240634,80,,109,,109
1553,128,7159,Nongling,Nongling,SEAWEA_UNKNOWN,SEAWEA_UNKNOWN,China,2009,Operational,90,280,8.036155358,5.150807231,6,210.7653067,97.7428633,179.15051069499998,41.3,-999.9,-999.9,948.2294485,-99,-999.9,180,Hydropower,SEAWEA_UNKNOWN,98.345403,24.58774,128,,108,,108
1554,129,7226,Sujiahekou,Sujiahekou,Sujiahekou,Storage,China,2010,Operational,137,424,5.886054968,4.349421471,5,240.67373,155.4582143,226,50.5,-999.9,-999.9,1575.890477,321,-999.9,315,Hydropower,SEAWEA_UNKNOWN,98.197843,25.264561,157,,759,,211
1556,130,7631,Zawgyi-2,Zawgyi,Zawgyi (1),Storage,Myanmar,1998,Operational,44,777,43.5,-99,26.34,639,-99,242,19,-999.9,-999.9,-999.9,117,-999.9,18,Hydropower,SEAWEA_UNKNOWN,96.874461,21.56464,,,616,,212
1558,131,7648,Wegyi,Wegyi,SEAWEA_UNKNOWN,SEAWEA_UNKNOWN,Myanmar,1999,Operational,35,1271,50.59,-99,-99,310.97,-99,-99,18.7,-999.9,-999.9,-999.9,-999.9,-999.9,-99,Irrigation,SEAWEA_UNKNOWN,95.611458,18.623955,,,615,,213
1560,132,9569,SEAWEA_UNKNOWN,Hu Song He,SEAWEA_UNKNOWN,SEAWEA_UNKNOWN,China,1997,Operational,44.75,249.08,-99,-99,-99,99.3,-99,-99,17.1,-999.9,-999.9,-999.9,-999.9,-999.9,63,Hydropower,SEAWEA_UNKNOWN,97.693038,24.556852,,,736,,736
1578,133,9963,Taungnyo,Unknown 52,SEAWEA_UNKNOWN,SEAWEA_UNKNOWN,Myanmar,1996,Operational,-99,1036,34.8,-99,-99,258.99,-99,-99,17.6,-999.9,-999.9,-999.9,-999.9,-999.9,-99,Irrigation,SEAWEA_UNKNOWN,95.967706,20.452083,,,649,,649
1607,134,38752,SEAWEA_UNKNOWN,Mang li,Yunnan Mangli,Run of River,China,2009,Operational,58,-99,-99,-99,-99,49.77,-99,-99,15.5,-999.9,-999.9,-999.9,37,-999.9,36,Hydropower,SEAWEA_UNKNOWN,98.289089,24.315924,,,726,,726
1609,135,38761,SEAWEA_UNKNOWN,Teng Long Qiao 2,SEAWEA_UNKNOWN,SEAWEA_UNKNOWN,China,2010,Operational,53,175,3.09,-99,-99,45.9,-99,-99,16.5,-999.9,-999.9,-999.9,-999.9,-999.9,81,Hydropower,SEAWEA_UNKNOWN,98.664682,24.682363,,,750,,214
1612,136,38769,SEAWEA_UNKNOWN,Meng Jia He 3,SEAWEA_UNKNOWN,SEAWEA_UNKNOWN,China,2006,Operational,33,84.5,-99,-99,-99,0.8,-99,-99,13.7,-999.9,-999.9,-999.9,-999.9,-999.9,42,Hydropower,SEAWEA_UNKNOWN,97.820139,25.080925,,,668,,215
1614,137,38776,SEAWEA_UNKNOWN,San Cha He,SEAWEA_UNKNOWN,SEAWEA_UNKNOWN,China,2016,Operational,94,-99,-99,-99,-99,-99,-99,-99,17.8,-999.9,-999.9,-999.9,-999.9,-999.9,72,Hydropower,SEAWEA_UNKNOWN,98.215617,25.432192,,,110,,110
1633,138,38669,Shweli-1,Shweli (1),Shweli (1),Storage,Myanmar,2008,Operational,47,162,1.3,-99,1.1,24,-99,24.11,-99,-999.9,-999.9,-999.9,330,-999.9,600,Hydropower,SEAWEA_UNKNOWN,97.506439,23.698187,,,756,,756
1634,139,38671,Dapein 1 (Dapeyin / Tarpain),Tarpein I,Tarpein-1,Storage,Myanmar,2011,Operational,46,211,0.35,-99,0.4,22,-99,-99,-99,-999.9,-999.9,-999.9,-99,-999.9,240,Hydropower,SEAWEA_UNKNOWN,97.525566,24.421393,,,725,,725
1635,140,38672,SEAWEA_UNKNOWN,Yunnan Dayingjiang 2nd Tier,Yunnan Dayingjiang 2nd Tier,Run of River,China,2004,Operational,28.5,150,-99,-99,0.019,1.53,-99,0.1751,-99,-999.9,-999.9,-999.9,38,-999.9,70,Hydropower,SEAWEA_UNKNOWN,97.711081,24.465365,,,706,,706
1636,141,38673,SEAWEA_UNKNOWN,Da Ying Jiang 2,SEAWEA_UNKNOWN,SEAWEA_UNKNOWN,China,2007,Operational,35,106.5,-99,-99,-99,0.17,-99,-99,-99,-999.9,-999.9,-999.9,-999.9,-999.9,70,Hydropower,SEAWEA_UNKNOWN,97.721187,24.473531,,,-999,,155
1642,142,39372,Myogyi,Myogyi,SEAWEA_UNKNOWN,Storage,Myanmar,2016,Operational,79,751,12.90300785,8.63788035,9.7,392.392578,159.4035166,-99,-99,-999.9,-999.9,185.965732,-999.9,-999.9,30,Multiple purpose,SEAWEA_UNKNOWN,96.382,21.460118,98,,539,,216
1652,143,2454,SEAWEA_UNKNOWN,Yunnan Baoshan Songshanhekou,Yunnan Baoshan Songshanhekou,Run of River,China,2011,Operational,40,-999.9,-999.9,-999.9,0.06,-999.9,-999.9,0.5447,-999.9,-999.9,-999.9,-999.9,167.5,-999.9,168,Hydropower,SEAWEA_UNKNOWN,98.1889,25.2072,,,-999,,156
1653,144,2462,SEAWEA_UNKNOWN,Na Bang,Yunnan Dehong Yingjiang Nabang,Run of River,China,2012,Operational,46.5,172.28,-999.9,-999.9,0.04,0.49,-999.9,-999.9,-999.9,-999.9,-999.9,-999.9,623.5,-999.9,180,Hydropower,SEAWEA_UNKNOWN,97.5828,24.7133,,,-999,,-999
1663,145,4221,Mone Chaung,Mone Dam,Mone,Run of River,Myanmar,2004,Operational,61,1978,45.03604507,33.15565193,41.5,949.5044961,545.5423517,832,-999.9,-999.9,-999.9,149.184661,-99,-999.9,75,Multiple purpose,SEAWEA_UNKNOWN,94.26027778,20.47805556,16,,160,,160
1676,146,6630,SEAWEA_UNKNOWN,Meng Dian He 3,SEAWEA_UNKNOWN,SEAWEA_UNKNOWN,China,2007,Operational,-999.9,-999.9,-999.9,-999.9,-999.9,0.0244,-999.9,-999.9,-999.9,-999.9,-999.9,-999.9,-999.9,-999.9,32,Hydropower,SEAWEA_UNKNOWN,97.726727,25.031803,,,-999,,158
1677,147,6633,SEAWEA_UNKNOWN,Meng Jia He 4,SEAWEA_UNKNOWN,SEAWEA_UNKNOWN,China,2006,Operational,-999.9,-999.9,-999.9,-999.9,-999.9,-999.9,-999.9,-999.9,-999.9,-999.9,-999.9,-999.9,-999.9,-999.9,40,Hydropower,SEAWEA_UNKNOWN,97.807922,25.083064,,,-999,,159
1679,148,6636,SEAWEA_UNKNOWN,Meng Jia He 2,SEAWEA_UNKNOWN,SEAWEA_UNKNOWN,China,2008,Operational,-999.9,-999.9,-999.9,-999.9,-999.9,-999.9,-999.9,-999.9,-999.9,-999.9,-999.9,-999.9,-999.9,-999.9,30,Hydropower,SEAWEA_UNKNOWN,97.858021,25.093312,,,671,,671
1680,149,6637,SEAWEA_UNKNOWN,Mu Long He 3,SEAWEA_UNKNOWN,SEAWEA_UNKNOWN,China,2009,Operational,-999.9,-999.9,-999.9,-999.9,-999.9,0.033,-999.9,-999.9,-999.9,-999.9,-999.9,-999.9,-999.9,-999.9,30,Hydropower,SEAWEA_UNKNOWN,97.829834,25.108987,,,664,,664
1716,150,13794,Kanyin,Kanyin,SEAWEA_UNKNOWN,SEAWEA_UNKNOWN,Myanmar,2012,Operational,59,1143,7.93,-999.9,-999.9,183.619,-999.9,-999.9,-999.9,-999.9,-999.9,-999.9,-999.9,-999.9,-999.9,Irrigation,SEAWEA_UNKNOWN,95.072583,17.991848,,,383,,217
1718,151,13799,SEAWEA_UNKNOWN,Kun Chaung,SEAWEA_UNKNOWN,SEAWEA_UNKNOWN,Myanmar,2002,Operational,46,402.316367,28.73,-999.9,-999.9,293.1,-999.9,-999.9,-999.9,-999.9,-999.9,-999.9,-999.9,-999.9,-999.9,Irrigation,SEAWEA_UNKNOWN,95.036879,18.363555,,,158,,218
1777,152,4229,Yenwe,Yenwe Dam,Ye?脹陋new,Run of River,Myanmar,2007,Operational,77,-999.9,90.80870351,58.76248099,77.18739798,1600.468678,786.2286198,1360.398376,-999.9,-999.9,-999.9,101.2114098,-99,-999.9,25,Multiple purpose,SEAWEA_UNKNOWN,96.44555556,18.08666667,43,,96,,96
1799,153,5,Mobye,Mobye,SEAWEA_UNKNOWN,SEAWEA_UNKNOWN,Myanmar,1971,Operational,26,2439,189.7758505,121.3489959,161.3094729,811.4356081,480.0744771,689.7202669,4.4,-999.9,-999.9,879.6976355,-999.9,-999.9,0,Irrigation,SEAWEA_UNKNOWN,97.092219,19.786887,94,,624,,624
1800,154,42,Keng Tawng,Kengtawng,SEAWEA_UNKNOWN,Storage,Myanmar,2009,Operational,6,65,-99,-99,0.1,61,-99,-99,-99,-999.9,-999.9,-999.9,-999.9,-999.9,54,Hydropower,SEAWEA_UNKNOWN,98.293333,20.598333,,,521,,219
1801,155,43,SEAWEA_UNKNOWN,Baoshan Supahe Chaoyang,Baoshan Supahe Chaoyang,Canal,China,2004,Operational,16,-999.9,-999.9,-999.9,0.0436,-999.9,-999.9,0.0589,-999.9,-999.9,-999.9,-999.9,235,-999.9,40,SEAWEA_UNKNOWN,SEAWEA_UNKNOWN,98.7592,24.4244,,,-999,,-999
1802,156,44,SEAWEA_UNKNOWN,Yunnan Lincang Nanpeng River Dayakou,Yunnan Lincang Nanpeng River Dayakou,Storage,China,2011,Operational,92,-999.9,-999.9,-999.9,6.14,-999.9,-999.9,-999.9,-999.9,-999.9,-999.9,-999.9,97,-999.9,102,SEAWEA_UNKNOWN,SEAWEA_UNKNOWN,98.940278,23.685278,,,-999,,160
1803,157,45,SEAWEA_UNKNOWN,Yunnan Shidi River 1st Level,Yunnan Shidi River 1st Level,Canal,China,2008,Operational,8.96,-999.9,-999.9,-999.9,0.004514,-999.9,-999.9,-999.9,-999.9,-999.9,-999.9,-999.9,594.1,-999.9,30,SEAWEA_UNKNOWN,SEAWEA_UNKNOWN,98.8425,26.9594,,,-999,,-999
1804,158,46,SEAWEA_UNKNOWN,Yongde Damengtong,Yunnan Yongde Damengtong,Run of River,China,2009,Operational,-99,-999.9,-999.9,-999.9,0.758,-999.9,-999.9,-999.9,-999.9,-999.9,-999.9,-999.9,133,-999.9,50,SEAWEA_UNKNOWN,SEAWEA_UNKNOWN,99.4297,24.222,,,-999,,162
1807,159,4969,Qiezishan,Qiezishan Reservoir,SEAWEA_UNKNOWN,SEAWEA_UNKNOWN,China,1999,Operational,32,237,5.1193971,2.769740204,3,101.209429,28.48706085,86.02801465,39.6,-999.9,-999.9,1797.997402,-99,-999.9,16,Hydropower,SEAWEA_UNKNOWN,98.809509,24.506716,137,,742,,220
1810,160,10039,Ngwedaung,Ngwedaung,SEAWEA_UNKNOWN,SEAWEA_UNKNOWN,Myanmar,1965,Operational,18,-99,-99,-99,-99,826.852,-99,-99,16.5,-999.9,-999.9,-999.9,-999.9,-999.9,-99,Irrigation,SEAWEA_UNKNOWN,97.16221,19.554443,,,583,,583
1825,161,36981,SEAWEA_UNKNOWN,Chalong Dam,Chalong Dam,SEAWEA_UNKNOWN,China,1997,Operational,34,192,-99,-99,-99,138,-99,138,-99,-999.9,-999.9,-999.9,-99,-999.9,10.8,Hydropower,SEAWEA_UNKNOWN,92.332134,31.453272,,,235,,221
1832,162,39287,Baluchaung-2,Baluchaung 3,Baluchaung BHP (2),Canal,Myanmar,1974,Operational,33,50,0,-99,0,0,-99,-99,-99,-999.9,-999.9,-999.9,423.0624,-999.9,168,Hydropower,SEAWEA_UNKNOWN,97.359196,19.556411,,,-999,,161
1855,163,2543,SEAWEA_UNKNOWN,Zhenkang Fengweihe,Zhenkang Fengweihe,Run of River,China,2010,Operational,48.5,-999.9,-999.9,-999.9,0.187,-999.9,-999.9,-999.9,-999.9,-999.9,-999.9,-999.9,151,-999.9,40,SEAWEA_UNKNOWN,SEAWEA_UNKNOWN,98.9833,23.8467,,,-999,,163
1861,164,6587,SEAWEA_UNKNOWN,Wunihe,SEAWEA_UNKNOWN,SEAWEA_UNKNOWN,China,2005,Operational,27.5,86,-999.9,-999.9,-999.9,67.1,-999.9,-999.9,-999.9,-999.9,-999.9,-999.9,-999.9,-999.9,30,Hydropower,SEAWEA_UNKNOWN,98.821819,24.436888,,,733,,733
1862,165,6589,SEAWEA_UNKNOWN,Ajiutian,SEAWEA_UNKNOWN,SEAWEA_UNKNOWN,China,2005,Operational,27,89,-999.9,-999.9,-999.9,0.16,-999.9,-999.9,-999.9,-999.9,-999.9,-999.9,-999.9,-999.9,115.5,Hydropower,SEAWEA_UNKNOWN,98.851104,24.439334,,,653,,653
1869,166,6681,SEAWEA_UNKNOWN,Duduluo 1,SEAWEA_UNKNOWN,SEAWEA_UNKNOWN,China,2012,Operational,29,65,-999.9,-999.9,-999.9,0.18,-999.9,-999.9,-999.9,-999.9,-999.9,-999.9,-999.9,-999.9,30,Hydropower,SEAWEA_UNKNOWN,98.765532,26.296515,,,-999,,164
1931,167,13730,Hpi Hseng,Hpi Seng,SEAWEA_UNKNOWN,SEAWEA_UNKNOWN,Myanmar,2020,Operational,10,-999.9,-999.9,-999.9,-999.9,4,-999.9,-999.9,-999.9,-999.9,-999.9,-999.9,-999.9,-999.9,45,Hydropower,SEAWEA_UNKNOWN,97.442327,20.129474,,16,-999,,-999
1940,168,14,Temengor,Temengor,Temenggor,Storage,Malaysia,1978,Operational,127,537,152,108.5055335,129.2,6168,6050,6168,45.1,-999.9,-999.9,235.7799007,101,-999.9,348,Hydropower,Flood control,101.302823,5.40679,162,,841,,841
1941,169,48,Jor,Jor,SEAWEA_UNKNOWN,Run of River,Malaysia,1968,Operational,-99,-999.9,0.3,-999.9,-999.9,3.8,-999.9,-999.9,-999.9,-999.9,-999.9,-999.9,270,-999.9,150,Hydropower,SEAWEA_UNKNOWN,101.3419248,4.3475372,,,-999,,165
1942,170,1986,Kenering,Kenering,Kenering,Storage,Malaysia,1983,Operational,48,503,40.5,9,40.5,154.1514295,67.48190421,131.0287151,19.5,-999.9,-999.9,110.9299855,34.7,-999.9,120,Hydropower,SEAWEA_UNKNOWN,101.099249,5.215657,64,,839,,839
1943,171,5231,Bersia,Bersia,Bersia,Storage,Malaysia,1983,Operational,33,252,5.576666291,1.621428521,5.3,34.635072,3.14343389,29.4398112,8.5,-999.9,-999.9,141.54195,26.5,-999.9,48,Hydropower,SEAWEA_UNKNOWN,101.210151,5.429853,11,,847,,847
1944,172,5233,Chenderoh,Chenderoh,SEAWEA_UNKNOWN,Storage,Malaysia,1930,Operational,32,390,20.5,14.7,20.5,66.74302171,23.95617797,56.73156845,11.2,-999.9,-999.9,54.85377494,-999.9,-999.9,40.5,Hydropower,SEAWEA_UNKNOWN,100.976042,4.961478,17,,836,,222
1948,173,4115,SEAWEA_UNKNOWN,SEAWEA_UNKNOWN,SG. Piah Lower,Run of River,Malaysia,1999,Operational,-999.9,-999.9,-999.9,-999.9,-999.9,-999.9,-999.9,-999.9,-999.9,-999.9,-999.9,-999.9,414,-999.9,54,SEAWEA_UNKNOWN,SEAWEA_UNKNOWN,101.2116667,5.10194444,,,-999,,-999
1952,174,15,Phra Prong,Phra Prong,SEAWEA_UNKNOWN,SEAWEA_UNKNOWN,Thailand,2000,Operational,26,443,13.41378062,7.515680892,11.40171353,120.0693292,4,102.0595,10,-999.9,-999.9,84.67850186,-999.9,-999.9,-99,Irrigation,SEAWEA_UNKNOWN,102.422002,13.998863,133,,-999,,131
1953,175,61,SEAWEA_UNKNOWN,Naruebodindrachinda,SEAWEA_UNKNOWN,SEAWEA_UNKNOWN,Thailand,-999,Operational,-999.9,-999.9,-999.9,-999.9,-999.9,338,-999.9,295,-999.9,-999.9,-999.9,-999.9,-999.9,-999.9,-999.9,SEAWEA_UNKNOWN,SEAWEA_UNKNOWN,102.027308,14.080838,,,-999,,166
1954,176,7018,Khun Dan Prakan Chon,Khun Dan Prakan Chon,SEAWEA_UNKNOWN,SEAWEA_UNKNOWN,Thailand,2004,Operational,93,2600,4.944644524,2.90474182,4.202947845,224.9,65.50659644,220,50.6,-999.9,-999.9,69.0680441,-999.9,-999.9,11,Irrigation,SEAWEA_UNKNOWN,101.323038,14.310513,68,,1770,,223
1957,177,10394,SEAWEA_UNKNOWN,khlong Siyat,SEAWEA_UNKNOWN,SEAWEA_UNKNOWN,Thailand,2000,Operational,-99,-99,-99,-99,-99,450,-99,420,17.2,-999.9,-999.9,-999.9,-999.9,-999.9,-99,SEAWEA_UNKNOWN,SEAWEA_UNKNOWN,101.653656,13.43925,,,1754,,224
1987,178,16,Dak Mi 4,Dak Mi 4,Dak Mi 4,Storage,Vietnam,2012,Operational,90,-999.9,-999.9,-999.9,10.44,-999.9,-999.9,312,-999.9,-999.9,-999.9,-999.9,-99,-999.9,190,SEAWEA_UNKNOWN,SEAWEA_UNKNOWN,107.9124,15.459,,,-999,,24
1988,179,7084,A Vuong,A Vuong,A Vuong,Storage,Vietnam,2008,Operational,80,228,9.555620273,5.569639765,9,357.7254696,126.3493794,343.5,41.4,-999.9,-999.9,355.6749188,320,-999.9,210,Hydropower,SEAWEA_UNKNOWN,107.617692,15.802139,2,,3273,,3273
1989,180,7134,Song Bung 4,Song Bung IV,Song Bung 4,Storage,Vietnam,2015,Operational,95,367,13.07794634,2.346204784,11.11625439,370.4820224,33.43653327,320,28.4,-999.9,-999.9,177.7953566,-99,-999.9,156,Hydropower,SEAWEA_UNKNOWN,107.640163,15.697276,152,,3272,,3272
1990,181,7135,Song Tranh 2,Song Tranh II,Song Tranh 2,Storage,Vietnam,2013,Operational,96,640,21.59617763,12.23957696,18.08,758.6915847,319.1454156,521,28.9,-999.9,-999.9,153.386739,-99,-999.9,190,Hydropower,SEAWEA_UNKNOWN,108.146412,15.331293,154,,26,,26
2001,182,39147,SEAWEA_UNKNOWN,Zahung,ZaHung,Storage,Vietnam,2009,Operational,8,-99,-99,-99,0.22,-99,-99,700,-99,-999.9,-999.9,-999.9,66.5,-999.9,30,SEAWEA_UNKNOWN,SEAWEA_UNKNOWN,107.654862,15.860103,,,-999,,253
2003,183,39155,SEAWEA_UNKNOWN,Song Tranh III,Song Tranh 3,Storage,Vietnam,2013,Operational,-99,-99,-99,-99,3.19,-99,-99,20,-99,-999.9,-999.9,-999.9,23,-999.9,62,SEAWEA_UNKNOWN,SEAWEA_UNKNOWN,108.142068,15.446135,,,27,One to many,27
2004,184,39182,SEAWEA_UNKNOWN,Song Bung 4A,Song Bung 4A,Storage,Vietnam,2012,Operational,41,-99,-99,-99,0.662,-99,-99,8.17,-99,-999.9,-999.9,-999.9,32,-999.9,49,SEAWEA_UNKNOWN,SEAWEA_UNKNOWN,107.680904,15.764578,,,29,,29
2007,185,7712,SEAWEA_UNKNOWN,Song Bung V,Song Bung 5,Storage,Vietnam,2013,Operational,13,-999.9,-999.9,-999.9,1.68,-999.9,-999.9,20.27,-999.9,-999.9,-999.9,-999.9,27,-999.9,57,SEAWEA_UNKNOWN,SEAWEA_UNKNOWN,107.7472,15.8077,,,30,,30
2008,186,7715,SEAWEA_UNKNOWN,Song Con II,Song Con 2,Storage,Vietnam,2009,Operational,12,-999.9,-999.9,-999.9,-999.9,-999.9,-999.9,30.4,-999.9,-999.9,-999.9,-999.9,-99,-999.9,63,SEAWEA_UNKNOWN,SEAWEA_UNKNOWN,107.8081,15.9332,,,-999,,31
2013,187,109,Dak Mi 2,SEAWEA_UNKNOWN,Dak Mi 2 ,SEAWEA_UNKNOWN,Vietnam,2019,Operational,-999.9,-999.9,-999.9,-999.9,-999.9,-999.9,-999.9,-999.9,-999.9,-999.9,-999.9,-999.9,-999.9,-999.9,98,SEAWEA_UNKNOWN,SEAWEA_UNKNOWN,107.81561,15.22831,,,-999,,167
2014,188,110,Dak Mi 3,Dak Mi 3,Dak Mi 3 ,SEAWEA_UNKNOWN,Vietnam,2017,Operational,-999.9,-999.9,-999.9,-999.9,-999.9,-999.9,-999.9,-999.9,-999.9,-999.9,-999.9,-999.9,-999.9,-999.9,63,SEAWEA_UNKNOWN,SEAWEA_UNKNOWN,107.82557,15.31908,,,25,,25
2023,189,417,SEAWEA_UNKNOWN,Song Bung 2,Song Bung 2 ,SEAWEA_UNKNOWN,Vietnam,2017,Operational,-999.9,-999.9,-999.9,-999.9,-999.9,-999.9,-999.9,-999.9,-999.9,-999.9,-999.9,-999.9,-999.9,-999.9,100,SEAWEA_UNKNOWN,SEAWEA_UNKNOWN,107.396584,15.717241,,,46,,46
2025,190,430,SEAWEA_UNKNOWN,SEAWEA_UNKNOWN,Song Kon 2 ,SEAWEA_UNKNOWN,Vietnam,2009,Operational,-999.9,-999.9,-999.9,-999.9,-999.9,-999.9,-999.9,-999.9,-999.9,-999.9,-999.9,-999.9,-999.9,-999.9,60,SEAWEA_UNKNOWN,SEAWEA_UNKNOWN,107.790059,15.985358,,,32,,32
2026,191,449,SEAWEA_UNKNOWN,Song Tranh 4,Song Tranh 4 ,SEAWEA_UNKNOWN,Vietnam,2020,Operational,-999.9,-999.9,-999.9,-999.9,-999.9,-999.9,-999.9,-999.9,-999.9,-999.9,-999.9,-999.9,-999.9,-999.9,48,SEAWEA_UNKNOWN,SEAWEA_UNKNOWN,108.14808,15.52705,,,28,,28
2037,192,185,Dak Mi 3 (Nh脿 m谩y th峄y 膽i峄噉 膼膬k Mi 3),SEAWEA_UNKNOWN,SEAWEA_UNKNOWN,SEAWEA_UNKNOWN,Vietnam,2016,Operational,-999.9,-999.9,-999.9,-999.9,-999.9,-999.9,-999.9,-999.9,-999.9,-999.9,-999.9,-999.9,-999.9,-999.9,56,SEAWEA_UNKNOWN,SEAWEA_UNKNOWN,107.8338,15.33838,,,-999,,23
2038,193,18,Hoi Xuan,SEAWEA_UNKNOWN,Hoi Xuan ,SEAWEA_UNKNOWN,Vietnam,2020,Operational,43,-99,-99,-99,-99,-99,-99,-99,-99,-999.9,-999.9,-999.9,-999.9,-999.9,102,SEAWEA_UNKNOWN,SEAWEA_UNKNOWN,105.052417,20.445577,,,56,,56
2039,194,7091,Cua Dat,Cua Dat,Cua Dat,Storage,Vietnam,2010,Operational,118,930,36.64415078,17.21559994,33,1165.807616,352.9173662,990.9364736,58,-999.9,-999.9,83.28663184,69.3,-999.9,97,Hydropower,SEAWEA_UNKNOWN,105.280457,19.881463,19,,3680,,225
2040,195,7401,SEAWEA_UNKNOWN,Trung Son,Trung Son ,SEAWEA_UNKNOWN,Vietnam,2017,Operational,84,513,-99,-99,13,-99,-99,348,45.1,-999.9,-999.9,-999.9,-999.9,-999.9,260,Hydropower,SEAWEA_UNKNOWN,104.83809,20.611871,,,58,,58
2042,196,39230,Hua Na,Hua Na,Hua Na,SEAWEA_UNKNOWN,Vietnam,2012,Operational,-99,-99,-99,-99,-99,-99,-99,5330,18.5,-999.9,-999.9,-999.9,-99,-999.9,180,SEAWEA_UNKNOWN,SEAWEA_UNKNOWN,105.083976,19.838737,,,53,,53
2045,197,39192,Ba Thuoc 1,SEAWEA_UNKNOWN,Ba Thuoc 1 ,SEAWEA_UNKNOWN,Vietnam,2017,Operational,-99,-99,-99,-99,-99,-99,-99,-99,-99,-999.9,-999.9,-999.9,-999.9,-999.9,60,SEAWEA_UNKNOWN,SEAWEA_UNKNOWN,105.172535,20.319546,,,55,,55
2046,198,39193,Ba thuoc 2,Ba Thuoc II,Ba Thuoc 2,Run of River,Vietnam,2012,Operational,-99,-99,-99,-99,-99,-99,-99,-99,-99,-999.9,-999.9,-999.9,-99,-999.9,80,SEAWEA_UNKNOWN,SEAWEA_UNKNOWN,105.328376,20.32143,,,54,,54
2062,199,470,SEAWEA_UNKNOWN,SEAWEA_UNKNOWN,Ta Co ,SEAWEA_UNKNOWN,Vietnam,2012,Operational,-999.9,-999.9,-999.9,-999.9,-999.9,-999.9,-999.9,-999.9,-999.9,-999.9,-999.9,-999.9,-999.9,-999.9,30,SEAWEA_UNKNOWN,SEAWEA_UNKNOWN,103.636001,20.973408,,,-999,,168
2063,200,496,SEAWEA_UNKNOWN,SEAWEA_UNKNOWN,Thanh Son ,SEAWEA_UNKNOWN,Vietnam,2019,Operational,-999.9,-999.9,-999.9,-999.9,-999.9,-999.9,-999.9,-999.9,-999.9,-999.9,-999.9,-999.9,-999.9,-999.9,30,SEAWEA_UNKNOWN,SEAWEA_UNKNOWN,104.9073,20.58964,,,57,,57
2076,201,124,Nam Sam 3,SEAWEA_UNKNOWN,SEAWEA_UNKNOWN,SEAWEA_UNKNOWN,Laos,2024,Operational,121.7,321.4,-999.9,-999.9,-999.9,443,-999.9,443,-999.9,595,-999.9,560,206,-999.9,156,SEAWEA_UNKNOWN,SEAWEA_UNKNOWN,104.51065,20.150237,,,-999,,169
2078,202,19,SEAWEA_UNKNOWN,SEAWEA_UNKNOWN,Pac Ma ,SEAWEA_UNKNOWN,Vietnam,2019,Operational,-999.9,-999.9,-999.9,-999.9,-999.9,-999.9,-999.9,-999.9,-999.9,-999.9,-999.9,-999.9,14.19,-999.9,140,SEAWEA_UNKNOWN,SEAWEA_UNKNOWN,102.51615,22.56629,,,-999,,80
2079,203,50,Coc San,Coc San,Coc San,SEAWEA_UNKNOWN,Vietnam,2016,Operational,15,-99,-99,-99,-99,-99,-99,0.1299999999999999,-99,-999.9,-999.9,-999.9,-99,-999.9,30,Hydropower,SEAWEA_UNKNOWN,103.9054207,22.4139366,,,-999,,170
2080,204,51,Laqi,Maguan Daliangzi Hydro,Maguan Daliangzi Hydro,SEAWEA_UNKNOWN,China,2006,Operational,-999.9,-999.9,-999.9,-999.9,-999.9,-999.9,-999.9,-999.9,-999.9,-999.9,-999.9,-999.9,279,-999.9,32,SEAWEA_UNKNOWN,SEAWEA_UNKNOWN,104.274167,22.835278,,,-999,,171
2081,205,53,SEAWEA_UNKNOWN,Tukahe,SEAWEA_UNKNOWN,SEAWEA_UNKNOWN,China,2008,Operational,59.2,300,12,-99,-99,78,-99,-99,16.7,-999.9,-999.9,-999.9,-999.9,-999.9,165,Hydropower,SEAWEA_UNKNOWN,102.2561,22.6078,,,79,,79
2083,206,57,Nam Chien 2 (Th峄y 膽i峄噉 N岷璵 Chi岷縩 2),Nam Chien 2,Nam Chien 2 ,Storage,Vietnam,2009,Operational,75,75,-999.9,-999.9,0.267,3.7,-999.9,-999.9,-999.9,-999.9,-999.9,-999.9,82.3,-999.9,32,Hydropower,SEAWEA_UNKNOWN,104.091389,21.5,,,-999,,172
2084,207,58,Yayangshan,Amojiang Sanjiangkou,Yayangshan Dam,Storage,China,2006,Operational,88,236,8.668653277,4.363136652,7.64,247,134,247,32.4,-999.9,-999.9,811.1095279,80,-999.9,120,Hydropower,SEAWEA_UNKNOWN,101.3951357,23.101757,183,,2544,,2544
2085,208,59,SEAWEA_UNKNOWN,Yunpeng,SEAWEA_UNKNOWN,SEAWEA_UNKNOWN,China,2016,Operational,97,-999.9,-999.9,-999.9,-999.9,-999.9,-999.9,-999.9,-999.9,-999.9,-999.9,-999.9,-999.9,-999.9,210,SEAWEA_UNKNOWN,SEAWEA_UNKNOWN,101.9364044,23.9612843,,,-999,,173
2086,209,335,Thac Ba,Thac Ba,Thac Ba,Storage,Vietnam,1971,Operational,48,657,229.4166287,82.95173489,195.0041344,2940,1589,2490,17.7,-999.9,-999.9,34.88105227,-999.9,-999.9,120,Hydropower,SEAWEA_UNKNOWN,105.021718,21.747162,163,,2001,,226
2087,210,1848,Hoa Binh,Hoa Binh,Hoa Binh,Storage,Vietnam,1994,Operational,128,660,212.6802287,124.4667463,208,9450,1846,9450,104.1,-999.9,-999.9,118.5766192,109,-999.9,1920,Hydropower,SEAWEA_UNKNOWN,105.31782,20.809831,36,,86,,86
2088,211,7028,Gelantan,Gelantan,Gelantan Dam,Storage,China,2009,Operational,113,466,10.81118519,7.424065415,7.97,348.2945752,196.5088397,296.0503889,51.4,-999.9,-999.9,444.2079268,-99,-999.9,390,Hydropower,SEAWEA_UNKNOWN,102.056621,22.703891,30,,1998,,1998
2089,212,7085,Ban Chat,Ban Chat,Ban Chat,Storage,Vietnam,2013,Operational,125,420,61.26323058,40.05494817,46.43,2053.452159,1101.932052,1702,36.7,-999.9,-999.9,458.3056003,-999.9,-999.9,220,Hydropower,SEAWEA_UNKNOWN,103.826241,21.861552,7,,84,,84
2090,213,7087,Bac Ha,Bac Ha,Coc Ly ,SEAWEA_UNKNOWN,Vietnam,2008,Operational,78,438,7.438703505,4.569811797,6,201.8285889,86.07980949,171,26.9,-999.9,-999.9,166.3781918,-99,-999.9,90,Hydropower,SEAWEA_UNKNOWN,104.196275,22.507928,6,,1970,,227
2091,214,7096,Huoi Quang,Huoi Quang,Huoi Quang,Storage,Vietnam,2016,Operational,104,267,9.485822107,7.920309894,8.7,223.7684711,156.4517148,184,25,-999.9,-999.9,365.9167133,-999.9,-999.9,520,Hydropower,SEAWEA_UNKNOWN,103.876041,21.697785,42,,83,,83
2092,215,7097,Lai Chau,Lai Chau,Lai Chau,Storage,Vietnam,2016,Operational,137,620,37.25195125,26.0500061,31.664158562499995,1226.594479,722.6904804,1215,56.3,-999.9,-999.9,283.8361735,95,-999.9,1200,Hydropower,SEAWEA_UNKNOWN,102.98203,22.136812,74,,82,,82
2093,216,7115,Jupudu,Jupudu,Jufudu Dam,Storage,China,2007,Operational,95,320,6.18571721,4.270055716,4.85,152.9001154,78.42617256,129.9650981,36,-999.9,-999.9,508.9466649,-99,-999.9,285,Hydropower,SEAWEA_UNKNOWN,101.772592,22.903099,61,,1990,,1990
2094,217,7127,Nam Chien,Nam Chien,Nam Chien 1,Storage,Vietnam,2013,Operational,283,390,4.027662175,2.411268196,3.4235128487499997,169.9053151,64.91978124,154,67.3,-999.9,-999.9,921.3451565,-99,-999.9,200,Hydropower,SEAWEA_UNKNOWN,104.144193,21.594475,100,,85,,85
2095,218,7132,Son La,Son La,Son La,Storage,Vietnam,2012,Operational,138,962,235.1632028,154.8845616,224,9260,3100,9260,45.8,-999.9,-999.9,191.0205744,78,-999.9,2400,Hydropower,SEAWEA_UNKNOWN,103.99589,21.497326,151,,2003,,2003
2096,219,7137,Tuyen Quang,Tuyen Quang,Tuyen Quang,Storage,Vietnam,2008,Operational,92,718,77.712936,34.02041132,66.0559956,2499.224416,487.1427431,2245,34.5,-999.9,-999.9,89.218077,-99,-999.9,342,Hydropower,SEAWEA_UNKNOWN,105.39934,22.361883,170,,3691,,3691
2097,220,7148,Malutang,Malutang,Malutang Dam,Storage,China,2009,Operational,154,493,12.77144389,4.603505856,7.77,632.1571088,147.4185907,546,70.4,-999.9,-999.9,576.9800651,340,-999.9,400,Hydropower,SEAWEA_UNKNOWN,104.744073,23.017413,90,,74,,74
2098,221,7155,Nalan,Nalan,SEAWEA_UNKNOWN,SEAWEA_UNKNOWN,China,2005,Operational,109,333,7.878792431,4.65859173,6,232.4654053,118.7211825,197.5955945,44.9,-999.9,-999.9,405.7257246,-999.9,-999.9,150,Hydropower,SEAWEA_UNKNOWN,103.019659,22.718026,99,,75,,75
2099,222,7156,Nansha,Nansha,SEAWEA_UNKNOWN,SEAWEA_UNKNOWN,China,2008,Operational,85,85,9.872022587,5.613577788,8,244.6734551,86.89184928,212,28.3,-999.9,-999.9,251.6718597,-99,-999.9,150,Hydropower,SEAWEA_UNKNOWN,102.855762,23.231402,125,,2417,,228
2100,223,7171,Shimenkan,Shimenkan,Yunnan Lixianjiang Shimenkan,Storage,China,2010,Operational,116,356,6.219367093,4.157924649,4.4,186.4439773,101.0524398,158.4773807,44.9,-999.9,-999.9,736.873246,70,-999.9,130,Hydropower,SEAWEA_UNKNOWN,101.504055,23.022381,146,,2423,,229
2101,224,7175,Sinanjiang,Sinanjiang,Sinanjiang Dam,Storage,China,2008,Operational,115,366,8.593150927,4.091472365,6.85,264.2797569,86.04196203,224.6377934,39.7,-999.9,-999.9,873.5991864,-99,-999.9,201,Hydropower,SEAWEA_UNKNOWN,101.873658,23.093604,148,,-999,,174
2102,225,7187,Madushan,Madushan,Madushan Dam,SEAWEA_UNKNOWN,China,2011,Operational,108,353,21.26445873,14.14467679,19,506.072022,286.3102744,430.1612187,36,-999.9,-999.9,206.5005143,67,-999.9,288,Hydropower,SEAWEA_UNKNOWN,103.284051,23.047537,85,,2500,,230
2103,226,7211,Puxiqiao,Puxiqiao,Yunnan Puxiqiao,Run of River,China,2013,Operational,144,400,12.00014687,5.914362447,10.20012484,458.3939116,152.0520752,389.6348249,68.8,-999.9,-999.9,701.0412848,109,-999.9,190,Hydropower,SEAWEA_UNKNOWN,101.603999,23.143859,136,,-999,,175
2144,227,38723,SEAWEA_UNKNOWN,Meng Ye Jiang,SEAWEA_UNKNOWN,SEAWEA_UNKNOWN,China,2013,Operational,79,205.4,13.59,-99,-99,37.15,-99,-99,15.8,-999.9,-999.9,-999.9,-999.9,-999.9,68,Hydropower,SEAWEA_UNKNOWN,101.598417,22.759708,,,1975,,1975
2146,228,38727,SEAWEA_UNKNOWN,SEAWEA_UNKNOWN,Yunnan Maguan Huabazi,Run of River,China,2008,Operational,-99,-99,-99,-99,1.98,-99,-99,-99,15.7,-999.9,-999.9,-999.9,66.8,-999.9,30,SEAWEA_UNKNOWN,SEAWEA_UNKNOWN,103.947284,23.020363,,,-999,,176
2162,229,39359,Khao Mang - Upper and lower (Th峄y 膽i峄噉 Khao Mang Th瓢峄ng & H岷,SEAWEA_UNKNOWN,Khao Mang 1 ,SEAWEA_UNKNOWN,Vietnam,2015,Operational,-99,-99,-99,-99,-99,-99,-99,-99,15.5,-999.9,-999.9,-999.9,-999.9,-999.9,30,SEAWEA_UNKNOWN,SEAWEA_UNKNOWN,104.037115,21.859212,,,123,,123
2165,230,38049,Bao Lam 3,SEAWEA_UNKNOWN,Bao Lam 3 ,SEAWEA_UNKNOWN,Vietnam,2018,Operational,-99,-99,-99,-99,-99,-99,-99,-99,-99,-999.9,-999.9,-999.9,-999.9,-999.9,46,SEAWEA_UNKNOWN,SEAWEA_UNKNOWN,105.487223,23.011625,,,4094,,231
2174,231,38433,Muong Hum,Muong Hum,Muong Hum,Storage,Vietnam,2011,Operational,29.5,45,-99,-99,0.221,-99,-99,1.914,-99,-999.9,-999.9,-999.9,110,-999.9,32,SEAWEA_UNKNOWN,SEAWEA_UNKNOWN,103.714171,22.540516,,,68,,68
2175,232,38434,SEAWEA_UNKNOWN,Ngoi Phat,Ngoi Phat,Run of River,Vietnam,2014,Operational,20,95,0.257,-99,0.257,-99,-99,2.099,-99,-999.9,-999.9,-999.9,301.8,-999.9,72,SEAWEA_UNKNOWN,SEAWEA_UNKNOWN,103.743602,22.554526,,,67,,67
2187,233,38576,SEAWEA_UNKNOWN,Yunnan Amojiang Sanjiangkou,Yunnan Amojiang Sanjiangkou,Storage,China,2010,Operational,61.5,-99,-99,-99,3.127,1491,-99,84.52,-99,-999.9,-999.9,-999.9,49.7,-999.9,99,Hydropower,SEAWEA_UNKNOWN,101.746333,23.120206,,,2564,,2564
2188,234,38577,SEAWEA_UNKNOWN,Da Wan,Yunnan Lishe River Dawan,Run of River,China,2014,Operational,49.86,175.46,-99,-99,1.53,-99,-99,-99,-99,-999.9,-999.9,-999.9,56,-999.9,49,Hydropower,SEAWEA_UNKNOWN,101.309522,24.526172,,,2458,,232
2190,235,38638,Nam Na 2,Nam Na 2,Nam Na 2,Run of River,Vietnam,2015,Operational,24.5,-99,-99,-99,-99,-99,-99,12.38,-99,-999.9,-999.9,-999.9,17,-999.9,66,Hydropower,SEAWEA_UNKNOWN,103.232436,22.493406,,,77,,77
2197,236,39248,SEAWEA_UNKNOWN,SEAWEA_UNKNOWN,Nam Cun ,SEAWEA_UNKNOWN,Vietnam,2018,Operational,-99,-99,-99,-99,-99,-99,-99,-99,-99,-999.9,-999.9,-999.9,-999.9,-999.9,40,SEAWEA_UNKNOWN,SEAWEA_UNKNOWN,103.984809,22.26603,,,-999,,177
2198,237,39250,SEAWEA_UNKNOWN,Ta Thang,Ta Thang,Run of River,Vietnam,2013,Operational,-99,-99,-99,-99,0.2,-99,-99,-99,-99,-999.9,-999.9,-999.9,148.2,-999.9,60,SEAWEA_UNKNOWN,SEAWEA_UNKNOWN,104.022066,22.298658,,,-999,,178
2199,238,39281,Long Tao (Th峄y 膽i峄噉 Long T岷o),SEAWEA_UNKNOWN,Long Tao ,SEAWEA_UNKNOWN,Vietnam,2019,Operational,-99,-99,-99,-99,-99,-99,-99,-99,-99,-999.9,-999.9,-999.9,-999.9,-999.9,42,SEAWEA_UNKNOWN,SEAWEA_UNKNOWN,103.214645,21.713375,,,-999,,179
2200,239,39282,Nam Muc (Th峄y 膽i峄噉 N岷璵 M峄ヽ),Nam Muc,Nam Muc,Storage,Vietnam,2014,Operational,55.5,207.5,1.47,-99,-99,27.7,-99,27.7,-99,-999.9,-999.9,-999.9,50.9,-999.9,44,Hydropower,SEAWEA_UNKNOWN,103.29345,21.798174,,,-999,,180
2202,240,39302,Coc Ly,Coc Ly,Coc Ly,Storage,Vietnam,2012,Operational,77.6,61,-99,-99,2.76,-99,-99,171,-99,-999.9,-999.9,-999.9,20,-999.9,90,Hydropower,SEAWEA_UNKNOWN,103.160632,22.298633,,,78,,78
2217,241,2528,SEAWEA_UNKNOWN,SEAWEA_UNKNOWN,Yunnan Yunpeng,SEAWEA_UNKNOWN,China,2005,Operational,-999.9,-999.9,-999.9,-999.9,-999.9,-999.9,-999.9,-999.9,-999.9,-999.9,-999.9,-999.9,62,-999.9,210,SEAWEA_UNKNOWN,SEAWEA_UNKNOWN,102.2025,24.2016,,,-999,,-999
2226,242,7679,Nam La,Nam La,Nam La,Storage,Vietnam,2011,Operational,-99,-999.9,-999.9,-999.9,0.27,-999.9,-999.9,0.1669999999999999,-999.9,-999.9,-999.9,-999.9,413,-999.9,32,SEAWEA_UNKNOWN,SEAWEA_UNKNOWN,103.9836,21.4049,,,-999,,-999
2233,243,7691,SEAWEA_UNKNOWN,Ngoi Hut 2,Ngoi Hut 2,Storage,Vietnam,2014,Operational,44,-999.9,-999.9,-999.9,0.21,-999.9,-999.9,2.49,-999.9,-999.9,-999.9,-999.9,338.02,-999.9,48,SEAWEA_UNKNOWN,SEAWEA_UNKNOWN,104.3324,21.7938,,,124,,124
2236,244,7695,SEAWEA_UNKNOWN,Nho Que 3,Nho Que 3,Storage,Vietnam,2012,Operational,-99,-999.9,0.43,-999.9,0.0043,-999.9,-999.9,2.18,-999.9,-999.9,-999.9,-999.9,-99,-999.9,110,Hydropower,SEAWEA_UNKNOWN,105.5154,23.1433,,,73,,73
2239,245,7726,SEAWEA_UNKNOWN,Su Pan II,Su Pan 2,Run of River,Vietnam,2011,Operational,261,-999.9,-999.9,-999.9,-999.9,-999.9,-999.9,-999.9,-999.9,-999.9,-999.9,-999.9,260.93,-999.9,34.5,SEAWEA_UNKNOWN,SEAWEA_UNKNOWN,103.9622,22.2647,,,-999,,255
2242,246,7729,SEAWEA_UNKNOWN,Suoi Sap 3,Suoi Sap 3,Run of River,Vietnam,2011,Operational,47,60,-999.9,-999.9,0.298,3269,-999.9,-999.9,-999.9,-999.9,-999.9,-999.9,73.79,-999.9,14,Hydropower,SEAWEA_UNKNOWN,104.4954,21.2235,,,-999,,181
2244,247,5,Mong An,SEAWEA_UNKNOWN,Mong An ,SEAWEA_UNKNOWN,Vietnam,2020,Operational,-999.9,-999.9,-999.9,-999.9,-999.9,-999.9,-999.9,-999.9,-999.9,-999.9,-999.9,-999.9,-999.9,-999.9,30,SEAWEA_UNKNOWN,SEAWEA_UNKNOWN,105.48805,22.85437,,,71,,71
2246,248,7,SEAWEA_UNKNOWN,SEAWEA_UNKNOWN,Nam Phang A ,SEAWEA_UNKNOWN,Vietnam,2012,Operational,-999.9,-999.9,-999.9,-999.9,-999.9,-999.9,-999.9,-999.9,-999.9,-999.9,-999.9,-999.9,-999.9,-999.9,36,SEAWEA_UNKNOWN,SEAWEA_UNKNOWN,104.34081,22.44679,,,-999,,182
2247,249,8,SEAWEA_UNKNOWN,SEAWEA_UNKNOWN,Nam Xay Luang 4-5 ,SEAWEA_UNKNOWN,Vietnam,2019,Operational,-999.9,-999.9,-999.9,-999.9,-999.9,-999.9,-999.9,-999.9,-999.9,-999.9,-999.9,-999.9,-999.9,-999.9,30,SEAWEA_UNKNOWN,SEAWEA_UNKNOWN,104.07192,21.98969,,,-999,,183
2249,250,13,SEAWEA_UNKNOWN,SEAWEA_UNKNOWN,Thuan Hoa ,SEAWEA_UNKNOWN,Vietnam,2017,Operational,-999.9,-999.9,-999.9,-999.9,-999.9,-999.9,-999.9,-999.9,-999.9,-999.9,-999.9,-999.9,-999.9,-999.9,38,SEAWEA_UNKNOWN,SEAWEA_UNKNOWN,105.03472,22.95987,,,-999,,184
2251,251,32,Bac Me,Bac Me,Bac Me ,SEAWEA_UNKNOWN,Vietnam,2017,Operational,260,36,3.2,-999.9,-999.9,4,-999.9,-999.9,-999.9,-999.9,-999.9,-999.9,-999.9,-999.9,45,Hydropower,SEAWEA_UNKNOWN,105.403696,22.738328,,,-999,,72
2255,252,46,Bao Lam 1,Bao Lam,Bao Lam 1 ,SEAWEA_UNKNOWN,Vietnam,2016,Operational,-999.9,-999.9,-999.9,-999.9,-999.9,-999.9,-999.9,-999.9,-999.9,-999.9,-999.9,-999.9,-999.9,-999.9,30,Hydropower,SEAWEA_UNKNOWN,105.54912,22.94179,,,70,,70
2259,253,65,Chiem Hoa,SEAWEA_UNKNOWN,Chiem Hoa ,SEAWEA_UNKNOWN,Vietnam,2013,Operational,-999.9,-999.9,-999.9,-999.9,-999.9,-999.9,-999.9,-999.9,-999.9,-999.9,-999.9,-999.9,-999.9,-999.9,48,SEAWEA_UNKNOWN,SEAWEA_UNKNOWN,105.329048,22.196526,,,95,,95
2299,254,297,SEAWEA_UNKNOWN,SEAWEA_UNKNOWN,Nam Cum 4 ,SEAWEA_UNKNOWN,Vietnam,2022,Operational,-999.9,-999.9,-999.9,-999.9,-999.9,-999.9,-999.9,-999.9,-999.9,-999.9,-999.9,-999.9,-999.9,-999.9,54,SEAWEA_UNKNOWN,SEAWEA_UNKNOWN,102.57077,22.52271,,,81,,81
2312,255,325,Nam Na 1 (Th峄y 膽i峄噉 N岷璵 Na 1),SEAWEA_UNKNOWN,Nam Na 1 ,SEAWEA_UNKNOWN,Vietnam,2017,Operational,-999.9,-999.9,-999.9,-999.9,-999.9,-999.9,-999.9,-999.9,-999.9,-999.9,-999.9,-999.9,-999.9,-999.9,30,SEAWEA_UNKNOWN,SEAWEA_UNKNOWN,103.26108,22.5956,,,76,,76
2324,256,346,Nam Toong,Nam Toong,Nam Toong ,SEAWEA_UNKNOWN,Vietnam,2016,Operational,-999.9,-999.9,-999.9,-999.9,-999.9,-999.9,-999.9,-999.9,-999.9,-999.9,-999.9,-999.9,-999.9,-999.9,30,SEAWEA_UNKNOWN,SEAWEA_UNKNOWN,103.9442,22.22246,,,-999,,185
2334,257,366,SEAWEA_UNKNOWN,Nho Que 1,Nho Que 1 ,SEAWEA_UNKNOWN,Vietnam,2018,Operational,53.6,-999.9,-999.9,-999.9,-999.9,-999.9,-999.9,-999.9,-999.9,-999.9,-999.9,-999.9,-999.9,-999.9,32,SEAWEA_UNKNOWN,SEAWEA_UNKNOWN,105.43083,23.23028,,,4034,,233
2335,258,367,SEAWEA_UNKNOWN,Nho Que 2,Nho Que 2 ,SEAWEA_UNKNOWN,Vietnam,2016,Operational,-999.9,-999.9,-999.9,-999.9,-999.9,-999.9,-999.9,-999.9,-999.9,-999.9,-999.9,-999.9,-999.9,-999.9,48,Hydropower,SEAWEA_UNKNOWN,105.48504,23.17802,,,4076,,234
2345,259,415,SEAWEA_UNKNOWN,SEAWEA_UNKNOWN,Song Bac ,SEAWEA_UNKNOWN,Vietnam,2014,Operational,-999.9,-999.9,-999.9,-999.9,-999.9,-999.9,-999.9,-999.9,-999.9,-999.9,-999.9,-999.9,-999.9,-999.9,42,SEAWEA_UNKNOWN,SEAWEA_UNKNOWN,104.72285,22.45247,,,-999,,186
2350,260,433,SEAWEA_UNKNOWN,SEAWEA_UNKNOWN,Song Lo 6 ,SEAWEA_UNKNOWN,Vietnam,2020,Operational,-999.9,-999.9,-999.9,-999.9,-999.9,-999.9,-999.9,-999.9,-999.9,-999.9,-999.9,-999.9,-999.9,-999.9,48,SEAWEA_UNKNOWN,SEAWEA_UNKNOWN,104.91798,22.29479,,,121,,121
2357,261,454,SEAWEA_UNKNOWN,SEAWEA_UNKNOWN,Su Pan 1 ,SEAWEA_UNKNOWN,Vietnam,2019,Operational,-999.9,-999.9,-999.9,-999.9,-999.9,-999.9,-999.9,-999.9,-999.9,-999.9,-999.9,-999.9,-999.9,-999.9,30,SEAWEA_UNKNOWN,SEAWEA_UNKNOWN,103.914327,22.290895,,,69,,69
2373,262,494,SEAWEA_UNKNOWN,SEAWEA_UNKNOWN,Thai An ,SEAWEA_UNKNOWN,Vietnam,2010,Operational,-999.9,-999.9,-999.9,-999.9,-999.9,-999.9,-999.9,-999.9,-999.9,-999.9,-999.9,-999.9,-999.9,-999.9,82,SEAWEA_UNKNOWN,SEAWEA_UNKNOWN,105.065863,22.999275,,,-999,,122
2443,263,6522,SEAWEA_UNKNOWN,Ma Lu Tang 2,SEAWEA_UNKNOWN,SEAWEA_UNKNOWN,China,2010,Operational,154,493.4,-999.9,-999.9,-999.9,545.65,-999.9,-999.9,-999.9,-999.9,-999.9,-999.9,-999.9,-999.9,240,Hydropower,SEAWEA_UNKNOWN,104.790704,22.982171,,,-999,,187
2456,264,6609,SEAWEA_UNKNOWN,Lu Fang,SEAWEA_UNKNOWN,SEAWEA_UNKNOWN,China,1979,Operational,67,-999.9,-999.9,-999.9,-999.9,43,-999.9,-999.9,-999.9,-999.9,-999.9,-999.9,-999.9,-999.9,30,Hydropower,SEAWEA_UNKNOWN,101.960025,24.689962,,,2447,,235
2471,265,353,Nam Phang,SEAWEA_UNKNOWN,SEAWEA_UNKNOWN,SEAWEA_UNKNOWN,Vietnam,2012,Operational,-999.9,-999.9,-999.9,-999.9,-999.9,-999.9,-999.9,-999.9,-999.9,-999.9,-999.9,-999.9,-999.9,-999.9,36,SEAWEA_UNKNOWN,SEAWEA_UNKNOWN,104.1905,22.42083,,,-999,,-999
2481,266,22,Kabaung,Kyee On Kyee Wa,SEAWEA_UNKNOWN,Storage,Myanmar,2007,Operational,61,-99,49.55700613,23.33107663,42.12345521,861.1323236,269.3108716,-99,19.8,-999.9,-999.9,112.0976247,-99,-999.9,30,Multiple purpose,SEAWEA_UNKNOWN,96.217958,18.897358,54,,106,,106
2482,267,23,Phyu Creek,Phyu Creek,Phyu Creek,Storage,Myanmar,2017,Operational,75,-99,51.31592578,25.01740295,43.61853691,787.9716801,268.8574101,780,-99,-999.9,-999.9,142.8184958,-999.9,-999.9,40,Multiple purpose,SEAWEA_UNKNOWN,96.351935,18.50659,55,,105,,105
2484,268,7075,Lower Paunglaung,Lower Paunglaung,Paunglaung,Storage,Myanmar,2005,Operational,131,945,16.60617974,12.46979425,13.9,708.1552695,455.1986962,690,49.8,-999.9,-999.9,183.2138063,103.6,-999.9,280,Hydropower,SEAWEA_UNKNOWN,96.336506,19.786613,82,,602,,236
2485,269,7076,Upper Paunglaung,Upper Paunglaung,SEAWEA_UNKNOWN,Storage,Myanmar,2015,Operational,103,537,78.71656032,55.67828043,66.90907627,2107.817414,1140.836568,1300,26.2,-999.9,-999.9,366.9715531,-99,-999.9,140,Hydropower,SEAWEA_UNKNOWN,96.594087,19.754995,172,,604,,237
2486,270,7077,Shwegyin,Shwegyin,Shwegyin,Storage,Myanmar,2011,Operational,56,-99,87.80326829,66.84078763,79.62,1867.430928,1163.302612,1587.316289,26.2,-999.9,-999.9,59.75639174,41.4,-999.9,75.2,Hydropower,SEAWEA_UNKNOWN,96.935155,17.972725,147,,375,,375
2494,271,39347,Thaukyegat 2 (Thauk Ye Khat 2),SEAWEA_UNKNOWN,SEAWEA_UNKNOWN,Storage,Myanmar,2012,Operational,94,-99,-99,-99,13.8,444,-99,-99,18.4,-999.9,-999.9,-999.9,-999.9,-999.9,120,Hydropower,SEAWEA_UNKNOWN,96.620234,18.914352,,,606,,606
2495,272,39383,Kun Chaung,Kun Chaung,Kun,Storage,Myanmar,2011,Operational,73,-99,78.37733659,49.19102481,66.6207361,1289.803463,589.6377916,-99,20.2,-999.9,-999.9,163.0104122,106,-999.9,60,Multiple purpose,SEAWEA_UNKNOWN,96.363091,18.419623,56,,104,,104
2501,273,39369,Nancho,Nancho,SEAWEA_UNKNOWN,Run of River,Myanmar,2010,Operational,72,-99,-99,-99,0.3,9,-99,-99,-99,-999.9,-999.9,-999.9,-999.9,-999.9,40,Hydropower,SEAWEA_UNKNOWN,96.082909,19.797673,,,-999,,107
2504,274,46,SEAWEA_UNKNOWN,SEAWEA_UNKNOWN,SEAWEA_UNKNOWN,SEAWEA_UNKNOWN,Myanmar,2003,Operational,-999.9,-999.9,11.86187354,5.675442025,-999.9,136.9242916,35.91316234,-999.9,-999.9,-999.9,-999.9,75.18604683,-999.9,-999.9,-999.9,SEAWEA_UNKNOWN,SEAWEA_UNKNOWN,96.4361,17.8562,46,,98,,98
2505,275,58,SEAWEA_UNKNOWN,SEAWEA_UNKNOWN,SEAWEA_UNKNOWN,SEAWEA_UNKNOWN,Myanmar,2002,Operational,-999.9,-999.9,22.37417553,9.13177115,-999.9,162.0457409,46.27873376,-999.9,-999.9,-999.9,-999.9,145.2488802,-999.9,-999.9,-999.9,SEAWEA_UNKNOWN,SEAWEA_UNKNOWN,96.3052,18.0086,58,,97,,97
2506,276,10179,Zaungtu,Zaungtu,Zaungtu,Storage,Myanmar,2000,Operational,45,-999.9,-999.9,-999.9,2.57,407,-999.9,16.19,16.6,-999.9,-999.9,-999.9,-99,-999.9,20,Hydropower,SEAWEA_UNKNOWN,96.197917,17.756465,,,99,,99
2510,277,55,Mae Ngat,Mae Ngat Sombunchol,SEAWEA_UNKNOWN,Storage,Thailand,1985,Operational,59,1950,15.60243005,6.458609612,13.26206554,322.89,37.85872383,265,23,-999.9,-999.9,381.5678603,-99,-999.9,9,Multiple purpose,SEAWEA_UNKNOWN,99.04,19.1614,88,,601,,601
2511,278,60,SEAWEA_UNKNOWN,Mae Mok,SEAWEA_UNKNOWN,SEAWEA_UNKNOWN,Thailand,-999,Operational,-999.9,-999.9,-999.9,-999.9,-999.9,110,-999.9,110,-999.9,-999.9,-999.9,-999.9,-999.9,-999.9,-999.9,SEAWEA_UNKNOWN,SEAWEA_UNKNOWN,99.626563,17.210635,,,-999,,-999
2512,279,62,SEAWEA_UNKNOWN,Pa Sak Jorasit,SEAWEA_UNKNOWN,SEAWEA_UNKNOWN,Thailand,-999,Operational,-999.9,-999.9,-999.9,-999.9,-999.9,960,-999.9,960,-999.9,-999.9,-999.9,-999.9,-999.9,-999.9,-999.9,SEAWEA_UNKNOWN,SEAWEA_UNKNOWN,101.076111,14.856944,,,1764,Many to one,238
2513,280,346,Sirikit,Sirikit,Sirikit,Storage,Thailand,1974,Operational,114,800,320,166.2317988,260,10508.3199,6660,9510,37.9,-999.9,-999.9,136.4952102,84.3,-999.9,500,Irrigation,SEAWEA_UNKNOWN,100.560357,17.764675,149,,1767,,1767
2514,281,348,Bhumibol,Bhumibol,Bhumibol,Storage,Thailand,1964,Operational,154,486,300,120,300,13462,9662,13462,60.9,-999.9,-999.9,233.8127418,100,-999.9,744,Irrigation,SEAWEA_UNKNOWN,98.971794,17.243734,12,,129,,129
2515,282,360,Pasak Chonlasit,Pasak Chonlasit,SEAWEA_UNKNOWN,SEAWEA_UNKNOWN,Thailand,1999,Operational,185,4860,100,-99,-99,5950,4100,5950,51.7,-999.9,-999.9,-999.9,-999.9,-999.9,-99,Water supply,SEAWEA_UNKNOWN,101.086458,14.852408,,,1764,Many to one,238
2516,283,1884,Kiwlom,Kiwlom,SEAWEA_UNKNOWN,SEAWEA_UNKNOWN,Thailand,1972,Operational,42,135,5.35184164,9.680635286,9.680635286,106.22,-99,112,8.5,-999.9,-999.9,288.8248878,-999.9,-999.9,-99,Irrigation,SEAWEA_UNKNOWN,99.622574,18.522013,70,,605,,605
2518,284,1919,Tabsalao,Tabsalao,SEAWEA_UNKNOWN,SEAWEA_UNKNOWN,Thailand,1988,Operational,27,3375,19,0.5,19,190,21.56406285,160,10.6,-999.9,-999.9,144.5108235,-999.9,-999.9,-99,Irrigation,SEAWEA_UNKNOWN,99.446505,15.53544,159,,354,,354
2519,285,1927,Krasoew,Krasoew,SEAWEA_UNKNOWN,SEAWEA_UNKNOWN,Thailand,1979,Operational,33,4250,44.92592669,25.31914988,35,390,57.74844077,240,6.3,-999.9,-999.9,81.02664979,-999.9,-999.9,-99,Multiple purpose,SEAWEA_UNKNOWN,99.656075,14.835896,71,,329,,329
2520,286,5079,Mae Kuang,Mae Kuang,SEAWEA_UNKNOWN,SEAWEA_UNKNOWN,Thailand,1991,Operational,73,610,11.6,0.1,11.6,295,36.5176253,263,45.1,-999.9,-999.9,351.3971262,-999.9,-999.9,-99,Multiple purpose,SEAWEA_UNKNOWN,99.122917,18.92752,87,,648,,239
2521,287,5087,Mae Chang,Mae Chang,SEAWEA_UNKNOWN,SEAWEA_UNKNOWN,Thailand,1983,Operational,40,760,12.3,0.3,12.3,108.6,92.7,108.6,11,-999.9,-999.9,342.8364487,-999.9,-999.9,-99,Water supply,SEAWEA_UNKNOWN,99.8035,18.307753,86,,597,,597
2547,288,39333,Kwai Noi Bumrung Dan Dam,Kheaw Noi,SEAWEA_UNKNOWN,SEAWEA_UNKNOWN,Thailand,2009,Operational,-99,-99,-99,-99,-99,1080,-99,939,19.5,-999.9,-999.9,-999.9,-999.9,-999.9,30,SEAWEA_UNKNOWN,SEAWEA_UNKNOWN,100.414752,17.181316,,,1781,,1781
2555,289,39345,SEAWEA_UNKNOWN,Kiew Kor Mah,SEAWEA_UNKNOWN,SEAWEA_UNKNOWN,Thailand,2008,Operational,-99,-99,-99,-99,-99,209,-99,170,17.9,-999.9,-999.9,-999.9,-999.9,-999.9,-99,SEAWEA_UNKNOWN,SEAWEA_UNKNOWN,99.645397,18.808086,,,598,,598
2765,290,14740,SEAWEA_UNKNOWN,Mae Teeb,SEAWEA_UNKNOWN,SEAWEA_UNKNOWN,Thailand,1987,Operational,24,-999.9,37.5,-999.9,-999.9,1000,-999.9,-999.9,-999.9,-999.9,-999.9,-999.9,-999.9,-999.9,-999.9,Water supply,SEAWEA_UNKNOWN,98.65444444,17.86194444,,,128,,128
2772,291,56,Duc Thanh,SEAWEA_UNKNOWN,SEAWEA_UNKNOWN,SEAWEA_UNKNOWN,Vietnam,2018,Operational,-999.9,-999.9,-999.9,-999.9,-999.9,-999.9,-999.9,-999.9,-999.9,-999.9,-999.9,-999.9,-999.9,-999.9,30,SEAWEA_UNKNOWN,SEAWEA_UNKNOWN,107.2689994,11.6669199,,,-999,,12
2773,292,372,SEAWEA_UNKNOWN,Dau Tieng,SEAWEA_UNKNOWN,SEAWEA_UNKNOWN,Vietnam,1985,Operational,28,1100,-99,-99,270,1580,-99,1580,8.5,-999.9,-999.9,-999.9,-999.9,-999.9,-99,Irrigation,SEAWEA_UNKNOWN,106.344789,11.323937,,,3107,,240
2774,293,373,Tri An 1,Tri An 1,Tri An,Storage,Vietnam,1987,Operational,40,420,323.4,109,323.4,2765,1360,2765,10,-999.9,-999.9,41.9207593,-999.9,-999.9,400,Hydropower,SEAWEA_UNKNOWN,107.036189,11.106337,168,,3092,,3092
2775,294,1953,Ham Thuan 1,Ham Thuan 1,Ham Thuan - Da Mi,Storage,Vietnam,2001,Operational,93,586,26.73704231,16.28245956,25.2,721.3009963,299.739171,695,24.4,-999.9,-999.9,589.7693611,-999.9,-999.9,300,Hydropower,SEAWEA_UNKNOWN,107.933506,11.326775,35,,3102,,3102
2776,295,5165,Danhim,Danhim,Da Nhim,Storage,Vietnam,1964,Operational,38,1460,9.487006469,5.126065788,8.063955499,143.3207884,20.83979587,121.8226701,20.8,-999.9,-999.9,1020.882985,-99,-999.9,160,Hydropower,SEAWEA_UNKNOWN,108.611458,11.853249,23,,3128,,3128
2777,296,5178,SEAWEA_UNKNOWN,Da Mi 1,Da Mi,Storage,Vietnam,2001,Operational,69,490,6.3,-99,6.3,141,-99,141,18.6,-999.9,-999.9,-999.9,-99,-999.9,175,SEAWEA_UNKNOWN,SEAWEA_UNKNOWN,107.838542,11.240839,,,3120,,3120
2778,297,7098,Dong Nai 2,Dong Nai II,Dong Nai 2,SEAWEA_UNKNOWN,Vietnam,2015,Operational,80,800,11.40672733,8.608245214,9.695718231,258.8648575,166.8002665,220.03512887500003,37.2,-999.9,-999.9,671.3900177,-99,-999.9,70,Hydropower,SEAWEA_UNKNOWN,108.058603,11.713346,25,,7,,7
2779,298,7099,Dong Nai 3,Dong Nai III,Dong Nai 3,Storage,Vietnam,2009,Operational,108,586,54.18000754,37.55955749,46.05300641,1475.282446,831.0691699,1423.6,28.9,-999.9,-999.9,578.8388542,-99,-999.9,180,Hydropower,SEAWEA_UNKNOWN,107.890296,11.872197,26,,8,,8
2780,299,7100,Dong Nai 4,Dong Nai IV,Dong Nai 4,Storage,Vietnam,2010,Operational,128,509,8.670475465,6.399736385,8.5,334.4956999,218.7022251,284.3213449,49.4,-999.9,-999.9,473.8223412,-99,-999.9,340,Hydropower,SEAWEA_UNKNOWN,107.729931,11.884429,27,,42,,42
2781,300,7101,Thac Mo,Thac Mo,Thac Mo,Storage,Vietnam,1995,Operational,50,460,118.0579237,60.44278875,109,1019.15025,329.2884485,866.2777125,11.9,-999.9,-999.9,203.4395982,-999.9,-999.9,150,Flood control,SEAWEA_UNKNOWN,107.022483,11.847717,164,,3106,,241
2782,301,7407,Dong Nai 5,Dong Nai 5,Dong Nai 5,Storage,Vietnam,2015,Operational,72,-99,-99,-99,3.68,-99,-99,106,29,-999.9,-999.9,-999.9,-99,-999.9,150,Hydropower,SEAWEA_UNKNOWN,107.553385,11.793564,,,9,,9
2832,302,40270,Da M'bri,Dam'Bri,Dam'Bri,Storage,Vietnam,2014,Operational,54,-99,-99,-99,-99,-99,-99,56.3,16.5,-999.9,-999.9,-999.9,419.4,-999.9,75,SEAWEA_UNKNOWN,SEAWEA_UNKNOWN,107.670274,11.585717,,,60,,60
2833,303,40271,Dai Ninh,Dai Ninh,Dai Ninh,Storage,Vietnam,2007,Operational,-99,-99,-99,-99,-99,-99,-99,319.77,18.5,-999.9,-999.9,-999.9,627,-999.9,300,SEAWEA_UNKNOWN,SEAWEA_UNKNOWN,108.320652,11.651127,,,4,,4
2841,304,40253,Da Dang 2,Da Dang 2,Da Dang 2,Run of River,Vietnam,2010,Operational,5,-99,-99,-99,-99,-99,-99,0.91,-99,-999.9,-999.9,-999.9,85.52,-999.9,34,SEAWEA_UNKNOWN,SEAWEA_UNKNOWN,108.246366,11.722192,,,6,,6
2846,305,40259,SEAWEA_UNKNOWN,Srok Phu Mieng,Srok Phu Mieng,SEAWEA_UNKNOWN,Vietnam,2006,Operational,-99,-99,-99,-99,-99,-99,-99,99.3,-99,-999.9,-999.9,-999.9,-99,-999.9,51,SEAWEA_UNKNOWN,SEAWEA_UNKNOWN,106.755712,11.768518,,,3087,,3087
2847,306,40260,Can Don,Can Don,Can Don,Storage,Vietnam,2004,Operational,-99,-99,-99,-99,-99,-99,-99,165,-99,-999.9,-999.9,-999.9,-99,-999.9,77,SEAWEA_UNKNOWN,SEAWEA_UNKNOWN,106.843431,11.968737,,,3105,,3105
2859,307,40269,Bac Binh,Bac Binh,Bac Binh,SEAWEA_UNKNOWN,Vietnam,2007,Operational,-999.9,-999.9,-999.9,-999.9,-999.9,-999.9,-999.9,5.890000000000001,14.7,-999.9,-999.9,-999.9,-999.9,-999.9,33,SEAWEA_UNKNOWN,SEAWEA_UNKNOWN,108.351677,11.45759,,,5,,5
2867,308,137,SEAWEA_UNKNOWN,SEAWEA_UNKNOWN,Dak R'Tih Lower ,SEAWEA_UNKNOWN,Vietnam,2011,Operational,-999.9,-999.9,-999.9,-999.9,-999.9,-999.9,-999.9,-999.9,-999.9,-999.9,-999.9,-999.9,-999.9,-999.9,62,SEAWEA_UNKNOWN,SEAWEA_UNKNOWN,107.672195,11.913306,,,-999,,10
2896,309,333,Barkal,Karnafuli,Kaptai Hydro:Unit-1 2 3 4 5,Storage,Bangladesh,1962,Operational,46,671,777,400,777,6500,5021,6477,19.9,-999.9,-999.9,-999.9,-999.9,-999.9,230,Hydropower,SEAWEA_UNKNOWN,92.228125,22.495122,,,136,,242
2897,310,1805,SEAWEA_UNKNOWN,Gumti,SEAWEA_UNKNOWN,Storage,India,1976,Operational,30,103,-99,-99,34,-99,-99,312,9.1,-999.9,-999.9,-999.9,-99,-999.9,15,Hydropower,SEAWEA_UNKNOWN,91.814231,23.462017,,,169,,243
2900,311,361,Khao Laem,Khao Laem,Vajiralongkorn,Storage,Thailand,1985,Operational,92,1019,388,280,388,8900,5848,8860,30.4,-999.9,-999.9,137.9186977,63,-999.9,300,Irrigation,SEAWEA_UNKNOWN,98.596417,14.799654,66,17,323,,244
2901,312,362,Srinagarind,Srinagarind,Srinagarind,Storage,Thailand,1978,Operational,140,610,419,380,419,17800,7470,17745,51.6,-999.9,-999.9,161.0250182,105,-999.9,720,Irrigation,SEAWEA_UNKNOWN,99.127083,14.410439,156,18,324,,324
2902,313,5121,Tha Thung Na Dam,Tha Tung Na,Tha Thung,Run of River,Thailand,1982,Operational,30,840,3.2,-99,11.4,54.8,28.8,54.8,17.1,-999.9,-999.9,-999.9,-999.9,-999.9,36,Hydropower,SEAWEA_UNKNOWN,99.234487,14.235406,,,326,,245
2923,314,381,Chiew Larn,Rajjaprabha,Rajjaprabha,Storage,Thailand,1987,Operational,94,969,330,165,330,6144.38,4200,5640,39.1,-999.9,-999.9,84.74050705,-99,-999.9,240,Irrigation,SEAWEA_UNKNOWN,98.793103,8.972899,139,19,291,,291
2938,315,1897,Ngamoeyeik,Ngamoeyeik,SEAWEA_UNKNOWN,SEAWEA_UNKNOWN,Myanmar,1996,Operational,23,-99,30.9898824,10.49727233,-99,122.9576112,15.25538344,104.5139695,8.6,-999.9,-999.9,26.54218429,-999.9,-999.9,-99,Irrigation,SEAWEA_UNKNOWN,96.155622,17.35294,127,,374,,246
2939,316,1900,Tabuhla,Tabuhla,SEAWEA_UNKNOWN,SEAWEA_UNKNOWN,Myanmar,1981,Operational,-99,-99,10.23057818,14.51881333,-99,240.036,240,240,17.4,-999.9,-999.9,37.1150119,-999.9,-999.9,-99,Water supply,SEAWEA_UNKNOWN,96.039583,17.248467,160,,369,,369
2948,317,45,Thonze,Thonze,SEAWEA_UNKNOWN,SEAWEA_UNKNOWN,Myanmar,2002,Operational,46,402.316367,24.56390805,11.44297865,-999.9,199.0140594,64.08688509,-999.9,-999.9,-999.9,-999.9,75.30048587,-999.9,-999.9,-999.9,Irrigation,SEAWEA_UNKNOWN,95.9791,17.7834,45,,100,,100
2949,318,47,SEAWEA_UNKNOWN,SEAWEA_UNKNOWN,SEAWEA_UNKNOWN,SEAWEA_UNKNOWN,Myanmar,2012,Operational,-999.9,-999.9,23.9944534,10.45406893,-999.9,171.941606,44.01106075,-999.9,-999.9,-999.9,-999.9,64.14047178,-999.9,-999.9,-999.9,SEAWEA_UNKNOWN,SEAWEA_UNKNOWN,96.3041,17.7207,47,,102,,102
2950,319,48,Unknown 88,SEAWEA_UNKNOWN,SEAWEA_UNKNOWN,SEAWEA_UNKNOWN,Myanmar,2012,Operational,-999.9,-999.9,16.62759101,6.703713628,-999.9,119.5248634,34.3897968,-999.9,-999.9,-999.9,-999.9,40.6842504,-999.9,-999.9,-999.9,Irrigation,SEAWEA_UNKNOWN,96.3652,17.5537,48,,101,,101
2955,320,59,Kantin-BeeLin,Kantin-BeeLin,SEAWEA_UNKNOWN,SEAWEA_UNKNOWN,Myanmar,2002,Operational,38,335,12.62563559,5.21781191,-999.9,105.0795037,25.57489222,-999.9,-999.9,-999.9,-999.9,73.8315922,-999.9,-999.9,-999.9,Irrigation,SEAWEA_UNKNOWN,95.9188,17.9612,59,,103,,103
2962,321,1938,Song Hinh 1,Song Hinh 1,Song Hinh,Storage,Vietnam,2000,Operational,42,940,57.16215599,22.67621466,41,379.6021695,73.17388285,357,10.8,-999.9,-999.9,155.6814635,141,-999.9,70,Hydropower,SEAWEA_UNKNOWN,108.947919,12.931252,153,,3101,,3101
2963,322,7126,Krong Hnang,Krong H'nang,Krong H'Nang ,SEAWEA_UNKNOWN,Vietnam,2010,Operational,49,1068,13.09031865,6.919032057,9,153.5781657,70.41466062,130.54144084499998,19.2,-999.9,-999.9,247.8224896,-99,-999.9,64,Hydropower,SEAWEA_UNKNOWN,108.714652,12.939641,73,,3129,,3129
2964,323,7133,Ba Ha,Ba Ha,Song Ba Ha,Storage,Vietnam,2009,Operational,46,1357,42.59318533,29.54513042,36.20420753,307.0942172,186.7251902,261.03008461999997,7.9,-999.9,-999.9,102.1489048,-99,-999.9,220,Hydropower,SEAWEA_UNKNOWN,108.901747,13.018642,5,,3296,,247
2986,324,7580,An Khe - Kanak,An Khe Kanak,An Khe - Kanak,Storage,Vietnam,2009,Operational,-99,-999.9,-999.9,-999.9,-999.9,-999.9,-999.9,329,-999.9,-999.9,-999.9,-999.9,377.5,-999.9,173,SEAWEA_UNKNOWN,SEAWEA_UNKNOWN,108.6796,14.0148,,,16,,16
3004,325,1939,Kaengkrachan,Kaengkrachan,SEAWEA_UNKNOWN,Storage,Thailand,1966,Operational,58,760,49.94441627,25.9925416,46.5,900,153.7656049,710,14.7,-999.9,-999.9,81.39775428,-99,-999.9,19,Hydropower,SEAWEA_UNKNOWN,99.629389,12.916373,62,,275,,275
3020,326,1944,Pranburi,Pranburi,SEAWEA_UNKNOWN,SEAWEA_UNKNOWN,Thailand,1978,Operational,42,1500,29.80330144,14.09208543,25.33280622,490,50.85529457,445,16.8,-999.9,-999.9,45.26106521,-999.9,-999.9,-99,Multiple purpose,SEAWEA_UNKNOWN,99.792168,12.468709,135,,274,,274
3040,327,1980,Pedu,Pedu,SEAWEA_UNKNOWN,SEAWEA_UNKNOWN,Malaysia,1969,Operational,61,220,55.88635614,40.26455078,-99,1100,305.2364462,1047.8,21.7,-999.9,-999.9,97.3577747,-999.9,-999.9,-99,Irrigation,SEAWEA_UNKNOWN,100.768807,6.239739,132,,833,,833
3041,328,10619,SEAWEA_UNKNOWN,Ahning,SEAWEA_UNKNOWN,SEAWEA_UNKNOWN,Malaysia,1989,Operational,-99,-99,12,-99,-99,275,-99,-99,17.8,-999.9,-999.9,-999.9,-999.9,-999.9,-99,Water supply,SEAWEA_UNKNOWN,100.728941,6.362639,,,835,,835
3043,329,1982,Bang Lang,Bang Lang,Bang Lang,Storage,Thailand,1981,Operational,85,422,51,24.97304539,50.9,1589.82875,1400,1404,34.1,-999.9,-999.9,101.1202062,58,-999.9,72,Irrigation,SEAWEA_UNKNOWN,101.271348,6.15479,9,,840,,840
3046,330,6898,Kamchay,Kamchay,Kamchay,Storage,Cambodia,2012,Operational,112,550,16.46462983,10.41545297,14.59,513.8476467,249.1864762,436.7704997,49.4,-999.9,-999.9,135.0790019,122,-999.9,193,Hydropower,SEAWEA_UNKNOWN,104.117228,10.704749,63,,892,,892
3049,331,6965,Beris,Beris,SEAWEA_UNKNOWN,SEAWEA_UNKNOWN,Malaysia,2004,Operational,40,155,11.82192335,8.063374724,10.04863485,101.6327984,52.79741847,86.38787864,10.7,-999.9,-999.9,84.64156011,-999.9,-999.9,-99,Irrigation,SEAWEA_UNKNOWN,100.746798,5.972568,10,,-999,,188
3050,332,7680,SEAWEA_UNKNOWN,Muda,SEAWEA_UNKNOWN,SEAWEA_UNKNOWN,Malaysia,1966,Operational,-99,-99,15.5,-99,-99,160,-99,-99,18.1,-999.9,-999.9,-999.9,-999.9,-999.9,-99,Irrigation,SEAWEA_UNKNOWN,100.857136,6.115809,,,837,,837
3051,333,7086,Ban Ve,Ban Ve,Ban Ve,Storage,Vietnam,2010,Operational,135,480,41.30651935,22.12418666,29.82,1539.449413,570.1269995,1308.532001,61.7,-999.9,-999.9,169.4437178,46.41,-999.9,320,Hydropower,SEAWEA_UNKNOWN,104.483696,19.346401,8,,2013,,2013
3063,334,39305,Chi Khe,Chi Khe,Chi Khe ,SEAWEA_UNKNOWN,Vietnam,2017,Operational,-99,-99,-99,-99,-99,-99,-99,-99,-99,-999.9,-999.9,-999.9,-999.9,-999.9,41,SEAWEA_UNKNOWN,SEAWEA_UNKNOWN,104.802869,19.088064,,,50,,50
3066,335,7655,Huong Son,Huong Son,Huong Son,Run of River,Vietnam,2012,Operational,-99,-999.9,-999.9,-999.9,0.48,-999.9,-999.9,3.2,-999.9,-999.9,-999.9,-999.9,462.5,-999.9,33,SEAWEA_UNKNOWN,SEAWEA_UNKNOWN,105.1513,18.446,,,-999,,189
3068,336,7688,Nam Pong,Nam Pong,Nam Pong,Run of River,Vietnam,2014,Operational,-99,-999.9,-999.9,-999.9,0.32,-999.9,-999.9,-999.9,-999.9,-999.9,-999.9,-999.9,-99,-999.9,32,SEAWEA_UNKNOWN,SEAWEA_UNKNOWN,105.0377,19.5184,,,51,,51
3075,337,236,Khe Bo,SEAWEA_UNKNOWN,Khe Bo ,SEAWEA_UNKNOWN,Vietnam,2013,Operational,-999.9,-999.9,-999.9,-999.9,-999.9,-999.9,-999.9,-999.9,-999.9,-999.9,-999.9,-999.9,-999.9,-999.9,100,SEAWEA_UNKNOWN,SEAWEA_UNKNOWN,104.663829,19.18123,,,49,,49
3081,338,364,SEAWEA_UNKNOWN,SEAWEA_UNKNOWN,Nhan Hac A ,SEAWEA_UNKNOWN,Vietnam,2018,Operational,-999.9,-999.9,-999.9,-999.9,-999.9,-999.9,-999.9,-999.9,-999.9,-999.9,-999.9,-999.9,-999.9,-999.9,55,SEAWEA_UNKNOWN,SEAWEA_UNKNOWN,104.973,19.55474,,,-999,,52
3107,339,7088,Binh Dien,Binh Dien,Binh Dien,Storage,Vietnam,2008,Operational,75,208,15.072738,6.870870077,8.94,381.4450307,106.7574394,324.2282761,47.6,-999.9,-999.9,64.3855772,72.68,-999.9,44,Hydropower,SEAWEA_UNKNOWN,107.502939,16.317194,13,,34,,34
3108,340,7136,Ta Trach,Ta Trach,Ta Trach,Storage,Vietnam,2014,Operational,56,1187,25.9190225,7.04259991,15.99,416.3393811,43.06867651,353.88847393500004,40.5,-999.9,-999.9,23.37866864,30.043,-999.9,21,Hydropower,SEAWEA_UNKNOWN,107.631312,16.309378,158,,33,,33
3120,341,39149,Huong Dien,Huong Dien,Huong Dien,Storage,Vietnam,2010,Operational,81.7,-99,-99,-99,-99,-99,-99,820,-99,-999.9,-999.9,-999.9,49.6,-999.9,81,SEAWEA_UNKNOWN,SEAWEA_UNKNOWN,107.425219,16.458762,,,3288,,248
3128,342,7093,Dakrinh,Dakrinh,DakDrinh,Storage,Vietnam,2008,Operational,94,-99,8.210369299,4.416792286,6.978813904,206.711806,74.8306772,175.7050351,42.4,-999.9,-999.9,393.2145172,-99,-999.9,125,Hydropower,SEAWEA_UNKNOWN,108.301463,14.977262,22,,21,,21
3129,343,7128,Nuoc Trong,Nuoc Trong,Nuoc Trong,SEAWEA_UNKNOWN,Vietnam,2013,Operational,68,454,12.69042578,5.234432114,10.78686191,303.9438354,63.40833509,290,56.4,-999.9,-999.9,107.5597208,-99,-999.9,16.5,Hydropower,SEAWEA_UNKNOWN,108.414588,15.081144,129,,22,,22
3135,344,133,Dak Re,SEAWEA_UNKNOWN,Dak Re ,SEAWEA_UNKNOWN,Vietnam,2019,Operational,-999.9,-999.9,-999.9,-999.9,-999.9,-999.9,-999.9,-999.9,-999.9,-999.9,-999.9,-999.9,-999.9,-999.9,60,SEAWEA_UNKNOWN,SEAWEA_UNKNOWN,108.48294,14.60551,,,18,,18
3137,345,411,SEAWEA_UNKNOWN,SEAWEA_UNKNOWN,Son Tra 1A ,SEAWEA_UNKNOWN,Vietnam,2019,Operational,-999.9,-999.9,-999.9,-999.9,-999.9,-999.9,-999.9,-999.9,-999.9,-999.9,-999.9,-999.9,-999.9,-999.9,30,SEAWEA_UNKNOWN,SEAWEA_UNKNOWN,108.42447,14.84632,,,20,,20
3138,346,412,SEAWEA_UNKNOWN,SEAWEA_UNKNOWN,Son Tra 1B ,SEAWEA_UNKNOWN,Vietnam,2019,Operational,-999.9,-999.9,-999.9,-999.9,-999.9,-999.9,-999.9,-999.9,-999.9,-999.9,-999.9,-999.9,-999.9,-999.9,30,SEAWEA_UNKNOWN,SEAWEA_UNKNOWN,108.453365,14.869594,,,-999,,190
3150,347,7094,Dinh Binh,Dinh Binh,Dinh Binh,Storage,Vietnam,2008,Operational,55,571,13.07155892,5.773320578,12,230.9255238,51.69950679,226,21.3,-999.9,-999.9,75.40794844,30.74,-999.9,9.9,Flood control,SEAWEA_UNKNOWN,108.772744,14.157348,24,,17,,17
3153,348,7745,SEAWEA_UNKNOWN,Vinh Son,Vinh Son,Storage,Vietnam,2001,Operational,-99,-999.9,-999.9,-999.9,2.51,-999.9,-999.9,25.74,10.19999981,-999.9,-999.9,-999.9,88,-999.9,66,SEAWEA_UNKNOWN,SEAWEA_UNKNOWN,108.6943,14.3656,,,3229,,3229
3159,349,7130,Quang Tri,Quang Tri,Rao Quan 1 ,SEAWEA_UNKNOWN,Vietnam,2008,Operational,75,-99,10.31408012,5.292466844,8,200.7828173,82.17032491,163,19.6,-999.9,-999.9,469.2476931,-99,-999.9,64,Hydropower,SEAWEA_UNKNOWN,106.703153,16.689485,138,,47,,47
3177,350,7276,Prasae,Prasae,SEAWEA_UNKNOWN,SEAWEA_UNKNOWN,Thailand,2005,Operational,24,2380,3.944,-99,-99,322,-99,252,7.3,-999.9,-999.9,-999.9,-999.9,-999.9,-99,Irrigation,SEAWEA_UNKNOWN,101.563552,12.978951,,,871,,871
3181,351,7632,Ho Nui Coc,Nui Coc,Ho Nui Coc ,SEAWEA_UNKNOWN,Vietnam,2009,Operational,27,-99,-99,-99,-99,176,175.5,-99,18.7,-999.9,-999.9,-999.9,-99,-999.9,1.89,Hydropower,SEAWEA_UNKNOWN,105.730276,21.557426,,,3669,,249
3182,352,9851,Cam Son,Cam Son,Cam Son,SEAWEA_UNKNOWN,Vietnam,1973,Operational,41.5,230,-99,-99,9.58,249.75,-99,145.3,1,-999.9,-999.9,-999.9,-99,-999.9,4.5,Irrigation,SEAWEA_UNKNOWN,106.511998,21.543569,,,3674,,250
3216,353,7654,Ke Go,Ke Go,Ke Go,SEAWEA_UNKNOWN,Vietnam,1988,Operational,-99,-99,-99,-99,19.16,-99,-99,255.48,18.6,-999.9,-999.9,-999.9,-99,-999.9,2.3,SEAWEA_UNKNOWN,SEAWEA_UNKNOWN,105.925798,18.19337,,,3679,,3679
3228,354,24,SEAWEA_UNKNOWN,Nong Pla Lai,SEAWEA_UNKNOWN,SEAWEA_UNKNOWN,Thailand,1993,Operational,24,-999.9,2.289,-999.9,-999.9,205.85,-999.9,164,-999.9,-999.9,-999.9,-999.9,-999.9,-999.9,-999.9,Multiple purpose,SEAWEA_UNKNOWN,101.297011,12.934647,,,-999,,191
3239,355,7718,SEAWEA_UNKNOWN,Ben May Dam,Song Muc,Storage,Vietnam,2008,Operational,40,-999.9,-999.9,-999.9,-999.9,-999.9,-999.9,200,-999.9,-999.9,-999.9,-999.9,16,-999.9,2,SEAWEA_UNKNOWN,SEAWEA_UNKNOWN,105.5416,19.6106,,,3675,,251
3413,356,14726,SEAWEA_UNKNOWN,Bang Phra,SEAWEA_UNKNOWN,SEAWEA_UNKNOWN,Thailand,1974,Operational,24,1720,1.577,-999.9,15.8,117,110,-999.9,11.5,-999.9,-999.9,-999.9,-999.9,-999.9,-999.9,Multiple purpose,SEAWEA_UNKNOWN,100.9663889,13.20111111,,,1481,,252
3419,357,7716,SEAWEA_UNKNOWN,Song Giang 2,Song Giang 2,Storage,Vietnam,2014,Operational,20,-999.9,-999.9,-999.9,0.18,-999.9,-999.9,1,-999.9,-999.9,-999.9,-999.9,407.6,-999.9,37,SEAWEA_UNKNOWN,SEAWEA_UNKNOWN,108.8374,12.3729,,,15,,15
3463,358,40294,Stung Tatay,Stung Tatai,Stung Tatai,SEAWEA_UNKNOWN,Cambodia,2014,Operational,-99,-99,-99,-99,16,-99,-99,439,-99,-999.9,-999.9,-999.9,188,-999.9,246,SEAWEA_UNKNOWN,SEAWEA_UNKNOWN,103.261686,11.634598,,,1,,1
3472,359,4114,Pergau,Pergau,Pergau,Storage,Malaysia,1997,Operational,75,-999.9,4.3,-999.9,4.3,62.5,-999.9,62.6,-999.9,-999.9,-999.9,-999.9,495,-999.9,600,Hydropower,SEAWEA_UNKNOWN,101.7031,5.625,,,-999,,192
3486,360,289,SEAWEA_UNKNOWN,SEAWEA_UNKNOWN,Nam Chien 2 ,SEAWEA_UNKNOWN,Vietnam,2009,Operational,-999.9,-999.9,-999.9,-999.9,-999.9,-999.9,-999.9,-999.9,-999.9,-999.9,-999.9,-999.9,-999.9,-999.9,32,SEAWEA_UNKNOWN,SEAWEA_UNKNOWN,107.5028,21.5001,,,-999,,-999